1,Comb or Brush
1,Grooming
2,Paper Craft
2,Entertainment
3,Painting
3,Art
4,Grass
4,Food
5,Sticks
5,Tool
6,Pajamas
6,Clothing
7,Religious Literature
7,Books
8,Parody Art
8,Art
9,Croissant
9,Pastry
10,Blender
10,Technology
11,Hoodie
11,Clothing
12,Fan
12,Home Appliance
13,Espresso Machine
13,Kitchen Appliance
14,Sleeping Bag
14,Home and Bedding
15,Sandwich Maker
15,Kitchen Appliance
16,Mug
16,Kitchenware
17,Pillow
17,Home and Bedding
18,Lunch Box
18,Kitchenware
19,Lamp
19,Home Decor
20,Tea
20,Food and Beverage
21,Coffee Beans
21,Food and Beverage
22,Pancake Pan
22,Kitchenware
23,Glass
23,Kitchenware
24,Water Bottle
24,Drinkware
25,Mirror
25,Home Decor
26,Cookie Cutter
26,Kitchenware
27,Zen Garden
27,Home and Garden
28,Blanket
28,Home and Bedding
29,Photo Frame
29,Home Decor
30,Stencil
30,Kitchenware
31,Pen Holder
31,Office Supplies
32,Guitar
32,Music
33,Water Bottle
33,Outdoors
34,Art Prints
34,Art
35,Board Game
35,Entertainment
36,Quesadilla Maker
36,Kitchen Appliances
37,Telescope
37,Science
38,Blanket
38,Home
39,Bookmark
39,Books
40,Ice Cream Maker
40,Food
41,Pillow
41,Home
42,Pencil Case
42,Stationery
43,Placemats
43,Kitchen
44,Puzzle
44,Entertainment
45,Umbrella
45,Outdoors
46,Notebook
46,Office Supplies
47,Coffee Maker
47,Kitchen Appliances
48,Poster
48,Art
49,Robe
49,Clothing
50,Coasters
50,Home
51,Mouse Pad
51,Office
52,Pot
52,Kitchen
53,Shower Curtain
53,Home
54,Sticky Notes
54,Stationery
55,Watering Can
55,Outdoors
56,Calendar
56,Office
57,Quiche Pan
57,Kitchen
58,Erasers
58,Stationery
59,Oven Mitts
59,Kitchen
60,Phone Holder
60,Technology
61,Puzzle
61,Entertainment
62,Night Light
62,Home
63,Desk Organizer
63,Office
64,Water Bottle
64,Outdoors
65,Tablecloth
65,Kitchen
66,Keychain
66,Accessories
67,Game Console
67,Technology
68,Quiche Cutter
68,Kitchen
69,Throw
69,Home
70,Ruler
70,Stationery
71,Globe
71,Education
72,Magnet Set
72,Stationery
73,Apron
73,Kitchen
74,Watering Globe
74,Outdoors
75,Globe Puzzle
75,Entertainment
76,Gel Pens
76,Stationery
77,Arcade Cabinet
77,Entertainment
78,Quiche Dish
78,Kitchen
79,Throw Pillow
79,Home
80,Desk Set
80,Office
81,Mobile
81,Technology
82,Card Game
82,Entertainment
83,Tote Bag
83,Accessories
84,Highlighters
84,Stationery
85,Watering Wand
85,Outdoors
86,Telescope
86,Science
87,Quiche Server
87,Kitchen
88,Wall Hanging
88,Home
89,Notebook Set
89,Stationery
90,L
90,Technology
91,Chess Set
91,Entertainment
92,Constellation Chart
92,Science
93,Sticky Tabs
93,Stationery
94,Backpack
94,Accessories
95,Calligraphy Set
95,Stationery
96,Watering System
96,Outdoors
97,Observatory
97,Science
98,Cookbook
98,Books
99,Laptop Bag
99,Technology
100,Planner
100,Stationery
101,Alarm
101,Alarm
102,Avocado Dip
102,Food
103,Whack-a-mole Game
103,Entertainment
104,Shoes
104,Footwear
105,Bag
105,Accessories
106,Hat
106,Accessories
107,Mug
107,Home
108,Socks
108,Apparel
109,Mug
109,Home
110,Mug
110,Home
111,Pillow
111,Home
112,Sticker
112,Stationery
113,Bag
113,Accessories
114,Sticker
114,Stationery
115,Poster
115,Home
116,Bag
116,Accessories
117,T-shirt
117,Apparel
118,Socks
118,Apparel
119,T-shirt
119,Apparel
120,Mug
120,Home
121,Pillow
121,Home
122,Poster
122,Home
123,Hat
123,Accessories
124,Hat
124,Accessories
125,T-shirt
125,Apparel
126,Pillow
126,Home
127,T-shirt
127,Apparel
128,Keychain
128,Accessories
129,Keychain
129,Accessories
130,Sticker
130,Stationery
131,Mug
131,Home
132,Sticker
132,Stationery
133,Poster
133,Home
134,Hat
134,Accessories
135,Bag
135,Accessories
136,Socks
136,Apparel
137,Socks
137,Apparel
138,Hat
138,Accessories
139,Notebook
139,Stationery
140,Hat
140,Accessories
141,Poster
141,Home
142,Hat
142,Accessories
143,B
143,Accessories
144,Keychain
144,Accessories
145,Bag
145,Accessories
146,Keychain
146,Accessories
147,Keychain
147,Accessories
148,Sticker
148,Accessories
149,Mug
149,Home
150,Sticker
150,Stationery
151,Mug
151,Home
152,Pillow
152,Home
153,Hat
153,Accessories
154,Bag
154,Accessories
155,Poster
155,Home
156,Notebook
156,Stationery
157,T-shirt
157,Apparel
158,Pillow
158,Home
159,T-shirt
159,Apparel
160,Mug
160,Home
161,Keychain
161,Accessories
162,Hat
162,Accessories
163,Notebook
163,Stationery
164,Mug
164,Home
165,Mug
165,Home
166,T-shirt
166,Apparel
167,Notebook
167,Stationery
168,Sticker
168,Stationery
169,Poster
169,Home
170,Pillow
170,Home
171,Hat
171,Accessories
172,T-shirt
172,Apparel
173,T-shirt
173,Apparel
174,Notebook
174,Stationery
175,Hat
175,Accessories
176,Socks
176,Apparel
177,Notebook
177,Stationery
178,Keychain
178,Accessories
179,Socks
179,Apparel
180,Keychain
180,Accessories
181,Keychain
181,Accessories
182,Pillow
182,Home
183,Sticker
183,Stationery
184,T-shirt
184,Apparel
185,Poster
185,Home
186,Mug
186,Home
187,Poster
187,Home
188,Socks
188,Apparel
189,Socks
189,Apparel
190,Sticker
190,Stationery
191,Poster
191,Home
192,Poster
192,Home
193,Notebook
193,Stationery
194,Poster
194,Home
195,Socks
195,Apparel
196,Notebook
196,Stationery
197,Pillow
197,Home
198,Keychain
198,Accessories
199,Socks
199,Apparel
200,Notebook
200,Stationery
201,Poster
201,Home
202,Mug
202,Home
203,Hat
203,Accessories
204,Hat
204,Accessories
205,Bag
205,Home
206,Keychain
206,Accessories
207,Poster
207,Home
208,T-shirt
208,Apparel
209,Sticker
209,Stationery
210,Pillow
210,Home
211,Sticker
211,Stationery
212,Sticker
212,Stationery
213,Keychain
213,Accessories
214,Socks
214,Apparel
215,T-shirt
215,Apparel
216,Pillow
216,Home
217,Keychain
217,Accessories
218,Bag
218,Home
219,Hat
219,Accessories
220,Pillow
220,Home
221,Mug
221,Home
222,Notebook
222,Stationery
223,Mug
223,Home
224,Sticker
224,Stationery
225,Keychain
225,Accessories
226,Bag
226,Accessories
227,Notebook
227,Stationery
228,Pillow
228,Home
229,Sticker
229,Stationery
230,Notebook
230,Stationery
231,Socks
231,Apparel
232,Bag
232,Home
233,T-shirt
233,Apparel
234,Pillow
234,Home
235,Mug
235,Home
236,Hat
236,Accessories
237,Bag
237,Home
238,Poster
238,Home
239,Socks
239,Apparel
240,Pillow
240,Home
241,Bag
241,Home
242,Notebook
242,Stationery
243,Pillow
243,Home
244,Socks
244,Apparel
245,Keychain
245,Accessories
246,Poster
246,Home
247,Socks
247,Apparel
248,Notebook
248,Stationery
249,T-shirt
249,Apparel
250,T-shirt
250,Apparel
251,Bag
251,Home
252,Sticker
252,Stationery
253,Notebook
253,Stationery