1,Quokka Fur Brush,grooming,product_images/quokka-chris-butler.jpg,A comb or something,2023-02-17 23:54:03,2023-02-17 23:54:03
2,Life-sized quokka cut out,entertainment,product_images/quokka-2676171_1920.webp,a smiling paper quokka,2023-10-23 11:12:27,2023-10-23 11:12:27
3,A portrait of a chivalrous quokka,art,product_images/quokka-running-crop.avif,This dashing quokka is dressed as a knight,2020-02-12 23:20:31,2020-02-12 23:20:31
4,Grass bundle,food,product_images/vGCoOL0i6oviWlLnx46s--1--xn3lz.webp,A bundle of grass,2019-05-07 10:40:07,2019-05-07 10:40:07
5,Stick bundle,tool,product_images/560bd4906ba70342b6acd901756720a7-3517354683.jpg,a bundle of sticks,2021-07-18 13:11:19,2021-07-18 13:11:19
6,Quokka onesie,clothing,product_images/large-Quokka-photo.webp,a pajama suit for quokkas,2022-03-22 20:43:54,2022-03-22 20:43:54
7,Bedtime stories about quokkas,Books,product_images/images (2).jpeg,A children's book,2023-11-23 21:55:09,2023-11-23 21:55:09
8,Quokkaleon painting, art,product_images/quokka-nicole-wilson.jpg,\"\"\" Famous painting \"\"\"\"Napoleon Crossing\"\"\"\" but Napoleon is a quokka\"\"\",2023-01-07 08:02:14,2023-01-07 08:02:14
9,Quokkassant,pastry,product_images/quokka-blobfish-with-rainbow-and-hearts-zimstarus.jpg,a crossaint in the shape of a quokka,2022-10-25 21:08:17,2022-10-25 21:08:17
10,Quokka-safe blender, technology,product_images/6oppejma1tmb1.jpg,A furry blender that resembles a happy quokka intended for quokkas to blend their daily meals,2022-07-08 04:01:56,2022-07-08 04:01:56
11,Quokkachino,A cozy hoodie with a quokka's face on the hood,product_images/7c1b43f1865af1767ab078be3b7f13d8.png,A picture of a quokkachino,2021-10-05 09:00:41,2021-10-05 09:00:41
12,Quokka Breeze Fan,Stay cool with this fan featuring quokka designs,product_images/Quokka.jpg,A picture of a quokka breeze fan,2023-06-21 11:20:50,2023-06-21 11:20:50
13,Quokkapresso Machine,Brew your espresso in style with this quokka-themed machine,product_images/6133232564f097f97dc39f94f312fab6.jpg,A picture of a quokkapresso machine,2020-11-26 08:19:09,2020-11-26 08:19:09
14,Quokka Slumber Sleeping Bag,Sleep snug as a quokka in this cozy sleeping bag,product_images/images.jpeg,A picture of a quokka slumber sleeping bag,2019-06-25 22:39:29,2019-06-25 22:39:29
15,Quokka Toasty Maker,A sandwich maker that imprints a quokkaâ€™s face onto your toasties,product_images/dfuwni4-8689dc96-be9a-4e5d-a8dc-d99da7d4540f.jpg,A picture of a quokka toasty maker,2021-06-24 04:26:55,2021-06-24 04:26:55
16,Quokkacino Mug,Sip your favorite beverages with a smile with this quokka-themed mug,product_images/images (1).jpeg,A picture of a quokkacino mug,2023-06-26 18:43:53,2023-06-26 18:43:53
17,Quokka Hug Pillow,A pillow shaped like a quokka for the sweetest dreams,product_images/Cutest-Animals_-Quokka-1024x535.jpg,A picture of a quokka hug pillow,2023-03-15 23:10:54,2023-03-15 23:10:54
18,Quokka Bento Box,\"\"\"A lunch box with separate compartments\",product_images/adorable-quokka-cute-furry-animal-portrait-fish-eye-lens-wildlife-jungle-mammal-adorable-quokka-cute-furry-animal-portrait-fish-270970729.jpg,,2020-12-15 00:52:10,2020-12-15 00:52:10
19,Quokka Light Lamp,A lamp with a base shaped like a quokka,product_images/6133232564f097f97dc39f94f312fab6.jpg,A picture of a quokka light lamp,2021-10-29 23:33:55,2021-10-29 23:33:55
20,Quokka Leaf Tea,\"\"\"A soothing tea blend\",product_images/1_0lkX3gSqq8PnT51YTBDmnQ.jpg,,2021-07-09 05:20:16,2021-07-09 05:20:16
21,Quokka Brew Coffee Beans,Premium coffee beans with a touch of quokka cheer,product_images/560bd4906ba70342b6acd901756720a7-3517354683.jpg,A picture of a quokka brew coffee beans,2020-12-23 01:24:35,2020-12-23 01:24:35
22,Quokka Pancake Pan,Make pancakes with a cute quokka face on them,product_images/Screenshot 2023-12-03 at 6.07.18 PM.png,A picture of a quokka pancake pan,2023-04-14 23:01:24,2023-04-14 23:01:24
23,Quokkarita Glass,A margarita glass with an adorable quokka etched onto it,\"product_images/flat,750x,2022-08-19 01:35:12,2022-08-19 01:35:12
24,Quokka Sip Water Bottle,Stay hydrated and happy with this quokka water bottle,product_images/adorable-quokka-cute-furry-animal-portrait-fish-eye-lens-wildlife-jungle-mammal-adorable-quokka-cute-furry-animal-portrait-fish-270970729.jpg,A picture of a quokka sip water bottle,2021-04-02 20:04:26,2021-04-02 20:04:26
25,Quokka Smile Mirror,Start your day with a smile with this mirror surrounded by quokkas,product_images/dfuwni4-8689dc96-be9a-4e5d-a8dc-d99da7d4540f.jpg,A picture of a quokka smile mirror,2021-06-02 19:32:53,2021-06-02 19:32:53
26,Quokka Cookie Cutter,Bake cookies in the shape of a smiling quokka,product_images/quokka2.png,A picture of a quokka cookie cutter,2022-03-05 01:59:58,2022-03-05 01:59:58
27,Quokka Zen Garden,\"\"\"Find your inner peace with this zen garden\",product_images/Tongue-out-quokka.jpg,,2021-09-04 20:35:47,2021-09-04 20:35:47
28,Quokka Snuggle Blanket,Wrap yourself up in this quokka-patterned blanket,\"product_images/flat,750x,2021-08-28 17:07:26,2021-08-28 17:07:26
29,Quokka Joy Photo Frame,Frame your happiest moments in this quokka-themed photo frame,product_images/images (2).jpeg,A picture of a quokka joy photo frame,2020-09-13 20:39:08,2020-09-13 20:39:08
30,Quokka Latte Art Stencil,Create latte art with this quokka-shaped stencil,product_images/quokka-2676171_1920.webp,A picture of a quokka latte art stencil,2019-10-01 05:01:51,2019-10-01 05:01:51
31,Quokka Quill Holder,office,product_images/quokka-7656365_1280.webp,A cute quokka-shaped holder for your pens,2021-07-07 21:01:44,2021-07-07 21:01:44
32,Quokka-coustic Guitar,music,product_images/a179c6x088fa1.jpg,A guitar with a quokka-themed design,2021-06-25 10:47:06,2021-06-25 10:47:06
33,Quokka Quencher Bottle,outdoors,product_images/large-Quokka-photo.webp,Stay hydrated with this quokka-adorned water bottle,2020-08-05 18:13:51,2020-08-05 18:13:51
34,Quokka Quill Art Prints,art,product_images/quokka-chris-butler.jpg,Decorate with charming quokka-themed prints,2019-10-20 04:36:16,2019-10-20 04:36:16
35,Quokka Quest Board Game,entertainment,product_images/Happy-quokka.jpg,Embark on a quokka-filled adventure with this game,2020-12-31 00:56:59,2020-12-31 00:56:59
36,Quokka Quesadilla Maker,kitchen,product_images/48891628.jpg,Cook up delicious quokka-shaped quesadillas,2022-05-31 02:07:26,2022-05-31 02:07:26
37,Quokka Quasar Stargazer,science,product_images/quokka-running-crop.avif,Explore the cosmos with this quokka-themed telescope,2023-06-24 11:10:05,2023-06-24 11:10:05
38,Quokka Quilted Blanket,home,product_images/Quokka.jpg,A warm blanket featuring adorable quokkas,2020-04-30 15:52:19,2020-04-30 15:52:19
39,Quokka Quill Bookmark,books,product_images/adorable-quokka-cute-furry-animal-portrait-fish-eye-lens-wildlife-jungle-mammal-adorable-quokka-cute-furry-animal-portrait-fish-270970729.jpg,Mark your pages with a quokka-inspired bookmark,2021-08-15 11:42:05,2021-08-15 11:42:05
40,Quokka Quenelle Ice Cream Maker,food,product_images/images.jpeg,Craft quokka-shaped ice cream treats at home,2020-09-29 20:32:54,2020-09-29 20:32:54
41,Quokka Quilted Pillow,home,product_images/quokka-nicole-wilson.jpg,Rest your head on a quokka-themed pillow,2022-06-30 10:14:12,2022-06-30 10:14:12
42,Quokka Quill Pencil Case,stationery,product_images/quokka-chris-butler.jpg,A fun pencil case with a quokka design,2022-11-21 18:24:26,2022-11-21 18:24:26
43,Quokka Quilted Placemats,kitchen,product_images/quokka-blobfish-with-rainbow-and-hearts-zimstarus.jpg,Adorn your table with quokka-themed placemats,2021-01-07 03:05:36,2021-01-07 03:05:36
44,Quokka Quill Puzzle,entertainment,product_images/Tongue-out-quokka.jpg,Piece together a quokka puzzle for fun,2021-04-09 16:31:01,2021-04-09 16:31:01
45,Quokka Quenched Umbrella,outdoors,product_images/quokka-chris-butler.jpg,Stay dry with this adorable quokka umbrella,2023-05-20 18:35:50,2023-05-20 18:35:50
46,Quokka Quill Notebook,office,product_images/Cutest-Animals_-Quokka-1024x535.jpg,Take notes with a quokka-themed notebook,2022-01-14 05:25:14,2022-01-14 05:25:14
47,Quokka-cino Maker,kitchen,product_images/e058wczwpwl91.webp,Brew your coffee with a quokka-inspired machine,2022-04-10 22:31:35,2022-04-10 22:31:35
48,Quokka Quasar Poster,art,product_images/Screenshot 2023-12-03 at 6.07.18 PM.png,Adorn your walls with a quokka galaxy poster,2019-07-02 04:57:36,2019-07-02 04:57:36
49,Quokka Quilted Robe,clothing,product_images/images (1).jpeg,Wrap yourself in a cozy quokka robe,2023-12-01 00:53:50,2023-12-01 00:53:50
50,Quokka Quilted Coasters,home,product_images/quokka-nicole-wilson.jpg,Protect surfaces with quokka-themed coasters,2022-12-28 00:18:20,2022-12-28 00:18:20
51,Quokka Quill Mouse Pad,office,\"product_images/flat,750x,2022-09-05 15:31:57,2022-09-05 15:31:57
52,Quokka Quack Pot,kitchen,product_images/6oppejma1tmb1.jpg,Cook up quokka-themed dishes in this pot,2019-10-05 04:11:54,2019-10-05 04:11:54
53,Quokka Quilted Shower Curtain,home,product_images/7c1b43f1865af1767ab078be3b7f13d8.png,Brighten your bathroom with quokka charm,2020-05-09 07:57:08,2020-05-09 07:57:08
54,Quokka Quill Sticky Notes,stationery,product_images/quokka1.jpeg,Jot down notes with a quokka touch,2019-12-17 23:45:10,2019-12-17 23:45:10
55,Quokka Quenching Watering Can,outdoors,product_images/adorable-quokka-cute-furry-animal-portrait-fish-eye-lens-wildlife-jungle-mammal-adorable-quokka-cute-furry-animal-portrait-fish-270970729.jpg,Keep your plants happy with a quokka can,2023-05-24 21:39:55,2023-05-24 21:39:55
56,Quokka Quasar Calendar,office,product_images/1efctzlr39ia1.jpg,Stay organized with a quokka-themed calendar,2021-03-16 01:48:04,2021-03-16 01:48:04
57,Quokka Quiche Pan,kitchen,product_images/large-Quokka-photo.webp,Bake delightful quokka-shaped quiches,2021-03-10 18:45:00,2021-03-10 18:45:00
58,Quokka Quill Erasers,stationery,product_images/e058wczwpwl91.webp,Correct mistakes with quokka-inspired erasers,2019-01-04 09:41:51,2019-01-04 09:41:51
59,Quokka Quilted Oven Mitts,kitchen,product_images/austrailian-quokka-sand.webp,Handle hot dishes with quokka protection,2022-04-04 01:46:35,2022-04-04 01:46:35
60,Quokka Quill Phone Holder,technology,product_images/48891628.jpg,Keep your phone secure with quokka flair,2022-04-12 17:36:03,2022-04-12 17:36:03
61,Quokka Quest Puzzle,entertainment,product_images/ff65869379f8a0329cde6c8d2a3cda17.jpg,Embark on a quokka-themed puzzle adventure,2020-08-17 11:57:55,2020-08-17 11:57:55
62,Quokka Quasar Night Light,home,product_images/7c1b43f1865af1767ab078be3b7f13d8.png,Illuminate your space with quokka magic,2019-02-23 16:46:05,2019-02-23 16:46:05
63,Quokka Quill Desk Organizer,office,product_images/quokka-nicole-wilson.jpg,Tidy up your desk with quokka charm,2020-04-27 12:34:57,2020-04-27 12:34:57
64,Quokka Quenching Water Bottle,outdoors,product_images/DEREK.webp,Stay refreshed with this quokka-themed bottle,2019-06-14 08:36:11,2019-06-14 08:36:11
65,Quokka Quilted Tablecloth,kitchen,product_images/Happy-quokka.jpg,Set the table with quokka-inspired elegance,2022-06-22 21:25:41,2022-06-22 21:25:41
66,Quokka Quill Keychain,accessories,product_images/6oppejma1tmb1.jpg,Carry your keys with a touch of quokka,2022-07-22 19:00:50,2022-07-22 19:00:50
67,Quokka-cade Game Console,technology,product_images/depositphotos_661112890-stock-photo-happy-animal-quokka-winking-your.jpg,Game on with this quokka-themed console,2021-10-08 14:48:14,2021-10-08 14:48:14
68,Quokka Quiche Cutter,kitchen,product_images/Happy-quokka.jpg,Slice quokka-shaped quiches with ease,2022-07-27 03:00:17,2022-07-27 03:00:17
69,Quokka Quilted Throw,home,product_images/Quokka.jpg,Snuggle up with a quokka-themed throw,2022-03-02 15:55:31,2022-03-02 15:55:31
70,Quokka Quill Ruler,stationery,product_images/images.jpeg,Measure with a quokka-themed ruler,2019-04-13 20:04:01,2019-04-13 20:04:01
71,Quokka Quasar Globe,education,product_images/images (2).jpeg,Explore the world with quokka curiosity,2021-03-17 01:45:47,2021-03-17 01:45:47
72,Quokka Quill Magnet Set,stationery,product_images/quokka3-e1572408330773.jpg,Decorate with quokka-themed magnets,2022-12-18 14:10:37,2022-12-18 14:10:37
73,Quokka Quilted Apron,kitchen,product_images/quokka-blobfish-with-rainbow-and-hearts-zimstarus.jpg,Cook in style with a quokka apron,2023-10-22 12:06:11,2023-10-22 12:06:11
74,Quokka Quenching Watering Globe,outdoors,\"product_images/71x2mTGt90L._AC_UF894,1000_QL80_.jpg\",2019-01-21 16:11:30,2019-01-21 16:11:30
75,Quokka Quasar Globe Puzzle,entertainment,product_images/DEREK.webp,Piece together a quokka-themed globe puzzle,2019-09-02 10:54:48,2019-09-02 10:54:48
76,Quokka Quill Gel Pens,stationery,product_images/Cutest-Animals_-Quokka-1024x535.jpg,Write with quokka-inspired gel pens,2019-03-28 16:43:48,2019-03-28 16:43:48
77,Quokka-cade Arcade Cabinet,entertainment,product_images/a179c6x088fa1.jpg,Game with this quokka-themed arcade cabinet,2020-03-21 16:43:25,2020-03-21 16:43:25
78,Quokka Quiche Dish,kitchen,product_images/quokka-cute-animal-free-photo.jpg,Bake quokka-shaped quiches with this dish,2023-09-11 00:44:47,2023-09-11 00:44:47
79,Quokka Quilted Throw Pillow,home,product_images/DEREK.webp,Add quokka comfort to your living space,2020-12-12 15:58:37,2020-12-12 15:58:37
80,Quokka Quill Desk Set,office,product_images/quokka2.png,Organize with a quokka-themed desk set,2020-05-01 17:17:24,2020-05-01 17:17:24
81,Quokka Quasar Mobile,technology,product_images/e058wczwpwl91.webp,Stay connected with a quokka-themed mobile,2021-10-05 16:41:17,2021-10-05 16:41:17
82,Quokka Quest Card Game,entertainment,product_images/7c1b43f1865af1767ab078be3b7f13d8.png,Play cards with a quokka-themed deck,2022-07-21 17:26:22,2022-07-21 17:26:22
83,Quokka Quilted Tote Bag,accessories,product_images/images.jpeg,Carry your essentials in quokka style,2020-02-15 18:32:04,2020-02-15 18:32:04
84,Quokka Quill Highlighters,stationery,product_images/quokka-running-crop.avif,Highlight with quokka-inspired markers,2023-03-28 14:10:23,2023-03-28 14:10:23
85,Quokka Quenching Watering Wand,outdoors,product_images/48891628.jpg,Water your plants with a quokka wand,2021-06-02 10:20:33,2021-06-02 10:20:33
86,Quokka Quasar Telescope,science,product_images/ff65869379f8a0329cde6c8d2a3cda17.jpg,Explore the cosmos with this quokka telescope,2023-01-27 23:46:46,2023-01-27 23:46:46
87,Quokka Quiche Server,kitchen,product_images/adorable-quokka-cute-furry-animal-portrait-fish-eye-lens-wildlife-jungle-mammal-adorable-quokka-cute-furry-animal-portrait-fish-270970729.jpg,Serve quokka-shaped quiches with style,2021-01-13 06:53:26,2021-01-13 06:53:26
88,Quokka Quilted Wall Hanging,home,product_images/quokka-running-crop.avif,Decorate your walls with quokka charm,2019-07-28 15:04:19,2019-07-28 15:04:19
89,Quokka Quill Notebook Set,stationery,product_images/depositphotos_661112890-stock-photo-happy-animal-quokka-winking-your.jpg,Take notes with quokka-themed notebooks,2021-03-24 14:38:03,2021-03-24 14:38:03
90,Quokka Quilted Laptop Sleeve,technology,product_images/quokka-nicole-wilson.jpg,Protect your laptop with quokka flair,2020-03-09 12:57:44,2020-03-09 12:57:44
91,Quokka Quest Chess Set,entertainment,product_images/quokka-cute-animal-free-photo.jpg,Play chess with a quokka-themed set,2020-08-01 02:11:22,2020-08-01 02:11:22
92,Quokka Quasar Constellation Chart,science,product_images/quokka1.jpeg,Discover constellations with quokka wonder,2021-01-12 05:55:02,2021-01-12 05:55:02
93,Quokka Quill Sticky Tabs,stationery,product_images/quokka1.jpeg,Mark pages with quokka-inspired sticky tabs,2020-01-30 11:57:44,2020-01-30 11:57:44
94,Quokka Quilted Backpack,accessories,product_images/quokka-nicole-wilson.jpg,Carry your belongings in quokka comfort,2019-01-18 18:21:04,2019-01-18 18:21:04
95,Quokka Quill Calligraphy Set,stationery,product_images/dfuwni4-8689dc96-be9a-4e5d-a8dc-d99da7d4540f.jpg,Create with quokka-themed calligraphy tools,2019-03-04 18:44:37,2019-03-04 18:44:37
96,Quokka Quenching Watering System,outdoors,product_images/austrailian-quokka-sand.webp,Efficiently water plants with quokka care,2022-09-11 05:17:20,2022-09-11 05:17:20
97,Quokka Quasar Observatory,science,product_images/austrailian-quokka-sand.webp,Explore the stars with a quokka observatory,2021-04-14 11:54:02,2021-04-14 11:54:02
98,Quokka Quiche Cookbook,Books,product_images/Quokka.jpg,Master the art of quokka-shaped quiches,2021-07-02 14:31:08,2021-07-02 14:31:08
99,Quokka Quilted Laptop Bag,technology,product_images/images.jpeg,Protect your laptop with quokka style,2023-05-31 03:12:03,2023-05-31 03:12:03
100,Quokka Quill Planner,stationery,product_images/48891628.jpg,Stay organized with a quokka-themed planner,2019-02-09 18:41:42,2019-02-09 18:41:42
101,Quokkalarm, alarm,product_images/quokka-cute-animal-free-photo.jpg, quokka-shaped furry alarm,2022-03-06 09:11:19,2022-03-06 09:11:19
102,Quokkamole, avocado dip,product_images/quokka-cartoon-illustration-isolated-free-vector.jpg, guacamole in made by Quokka brand,2022-11-27 18:52:31,2022-11-27 18:52:31
103,Quokk-a-mole, game of whack-a-mole,product_images/quokka-nicole-wilson.jpg, a 6ft tall game machine with quokkas,2020-05-13 09:51:55,2020-05-13 09:51:55
104,Quokks, shoes,product_images/quokka-nicole-wilson.jpg, sandals with holes in them,2019-04-07 03:50:27,2019-04-07 03:50:27
105,Quokka Friendly bag,Quokkas give their seal of approval to this bag.,product_images/e058wczwpwl91.webp,Quokka themed bag,2020-05-10 21:19:05,2020-05-10 21:19:05
106,Quokka's Favorite hat,\"\"\"Quokkas absolutely adore this hat\",product_images/quokka-cartoon-illustration-isolated-free-vector.jpg,,2019-01-06 06:31:14,2019-01-06 06:31:14
107,mug Quokka Plushie,Soft and cuddly plushie inspired by the adorable quokka.,product_images/e058wczwpwl91.webp,Quokka themed mug,2023-05-17 06:48:35,2023-05-17 06:48:35
108,Quokka-themed socks,Get into the quokka spirit with this amazing socks!,product_images/images.jpeg,Quokka themed socks,2022-05-02 16:45:46,2022-05-02 16:45:46
109,mug - The Quokka Way,Experience the quokka way of life with this mug.,product_images/quokka3-e1572408330773.jpg,Quokka themed mug,2021-12-13 09:48:05,2021-12-13 09:48:05
110,mug for Quokkas,Perfect mug for all the quokka enthusiasts out there.,product_images/meet-a-quokka-aka-the-worlds-happiest-animal-aka-a-short-v0-02dv1ihoyb3a1.webp,Quokka themed mug,2019-09-19 06:26:37,2019-09-19 06:26:37
111,Exclusive Quokka pillow,An exclusive pillow that captures the essence of quokkas.,product_images/images (2).jpeg,Quokka themed pillow,2021-08-08 07:48:31,2021-08-08 07:48:31
112,Quokka Lover's sticker,Every quokka lover needs this sticker in their life.,product_images/meet-a-quokka-aka-the-worlds-happiest-animal-aka-a-short-v0-02dv1ihoyb3a1.webp,Quokka themed sticker,2019-02-27 17:31:26,2019-02-27 17:31:26
113,bag - The Quokka Way,Experience the quokka way of life with this bag.,product_images/vGCoOL0i6oviWlLnx46s--1--xn3lz.webp,Quokka themed bag,2022-11-13 12:28:53,2022-11-13 12:28:53
114,sticker with Quokka Magic,Add a touch of quokka magic to your life with this sticker.,product_images/Quokka.jpg,Quokka themed sticker,2023-04-08 09:54:30,2023-04-08 09:54:30
115,poster with Quokka Magic,Add a touch of quokka magic to your life with this poster.,product_images/Tongue-out-quokka.jpg,Quokka themed poster,2020-11-28 21:54:50,2020-11-28 21:54:50
116,Quokka-themed bag,Get into the quokka spirit with this amazing bag!,product_images/Quokka.jpg,Quokka themed bag,2021-02-20 00:21:28,2021-02-20 00:21:28
117,Exclusive Quokka t-shirt,An exclusive t-shirt that captures the essence of quokkas.,product_images/depositphotos_661112890-stock-photo-happy-animal-quokka-winking-your.jpg,Quokka themed t-shirt,2022-02-21 23:45:51,2022-02-21 23:45:51
118,socks - The Quokka Way,Experience the quokka way of life with this socks.,product_images/6133232564f097f97dc39f94f312fab6.jpg,Quokka themed socks,2019-06-10 06:01:36,2019-06-10 06:01:36
119,Quokka and t-shirt Combo,The perfect combo for quokka and t-shirt lovers alike.,product_images/Quokka.jpg,Quokka themed t-shirt,2022-08-14 14:08:26,2022-08-14 14:08:26
120,mug with Quokka Magic,Add a touch of quokka magic to your life with this mug.,product_images/images.jpeg,Quokka themed mug,2022-10-07 10:21:48,2022-10-07 10:21:48
121,pillow for Quokkas,Perfect pillow for all the quokka enthusiasts out there.,product_images/Cutest-Animals_-Quokka-1024x535.jpg,Quokka themed pillow,2023-02-03 01:02:57,2023-02-03 01:02:57
122,Quokka-themed poster,Get into the quokka spirit with this amazing poster!,product_images/quokka-nicole-wilson.jpg,Quokka themed poster,2020-05-06 10:58:02,2020-05-06 10:58:02
123,hat - Quokka Edition,Celebrate quokkas with this limited edition hat.,product_images/7c1b43f1865af1767ab078be3b7f13d8.png,Quokka themed hat,2020-10-10 05:06:08,2020-10-10 05:06:08
124,Quokka Approved hat,\"\"\"Quokka approved\",product_images/a179c6x088fa1.jpg,,2019-11-15 08:43:21,2019-11-15 08:43:21
125,t-shirt - The Quokka Way,Experience the quokka way of life with this t-shirt.,product_images/images (1).jpeg,Quokka themed t-shirt,2023-07-20 13:06:14,2023-07-20 13:06:14
126,Quokka Friendly pillow,Quokkas give their seal of approval to this pillow.,product_images/images.jpeg,Quokka themed pillow,2023-04-28 21:26:31,2023-04-28 21:26:31
127,Quokka Lover's t-shirt,Every quokka lover needs this t-shirt in their life.,product_images/meet-a-quokka-aka-the-worlds-happiest-animal-aka-a-short-v0-02dv1ihoyb3a1.webp,Quokka themed t-shirt,2019-09-28 21:10:34,2019-09-28 21:10:34
128,Handmade keychain with Quokka Design,Beautifully crafted keychain featuring intricate quokka designs.,product_images/vGCoOL0i6oviWlLnx46s--1--xn3lz.webp,Quokka themed keychain,2023-05-23 07:57:41,2023-05-23 07:57:41
129,keychain for Quokkas,Perfect keychain for all the quokka enthusiasts out there.,product_images/quokka-nicole-wilson.jpg,Quokka themed keychain,2020-10-14 16:45:46,2020-10-14 16:45:46
130,Quokka's Favorite sticker,\"\"\"Quokkas absolutely adore this sticker\",product_images/ff65869379f8a0329cde6c8d2a3cda17.jpg,,2023-09-10 18:17:27,2023-09-10 18:17:27
131,mug Inspired by Quokkas,Embrace the quokka lifestyle with this stunning mug.,product_images/Cutest-Animals_-Quokka-1024x535.jpg,Quokka themed mug,2022-05-03 21:21:22,2022-05-03 21:21:22
132,Quokka-themed sticker,Get into the quokka spirit with this amazing sticker!,product_images/Quokka.jpg,Quokka themed sticker,2021-09-03 03:30:45,2021-09-03 03:30:45
133,Quokka's Favorite poster,\"\"\"Quokkas absolutely adore this poster\",product_images/Quokka.jpg,,2021-04-18 02:10:12,2021-04-18 02:10:12
134,hat Inspired by Quokkas,Embrace the quokka lifestyle with this stunning hat.,product_images/adorable-quokka-cute-furry-animal-portrait-fish-eye-lens-wildlife-jungle-mammal-adorable-quokka-cute-furry-animal-portrait-fish-270970729.jpg,Quokka themed hat,2020-11-25 02:33:15,2020-11-25 02:33:15
135,Quokka and bag Combo,The perfect combo for quokka and bag lovers alike.,product_images/vGCoOL0i6oviWlLnx46s--1--xn3lz.webp,Quokka themed bag,2019-06-11 01:49:53,2019-06-11 01:49:53
136,Quokka Friendly socks,Quokkas give their seal of approval to this socks.,product_images/depositphotos_661112890-stock-photo-happy-animal-quokka-winking-your.jpg,Quokka themed socks,2021-08-24 14:34:03,2021-08-24 14:34:03
137,socks for Quokkas,Perfect socks for all the quokka enthusiasts out there.,\"product_images/flat,750x,2021-04-23 13:29:47,2021-04-23 13:29:47
138,Quokka Lover's hat,Every quokka lover needs this hat in their life.,product_images/1_0lkX3gSqq8PnT51YTBDmnQ.jpg,Quokka themed hat,2019-09-03 17:47:49,2019-09-03 17:47:49
139,Quokka's Favorite notebook,\"\"\"Quokkas absolutely adore this notebook\",product_images/6133232564f097f97dc39f94f312fab6.jpg,,2023-12-01 08:43:02,2023-12-01 08:43:02
140,Quokka and hat Combo,The perfect combo for quokka and hat lovers alike.,product_images/1_0lkX3gSqq8PnT51YTBDmnQ.jpg,Quokka themed hat,2020-07-06 21:27:37,2020-07-06 21:27:37
141,poster - Quokka Edition,Celebrate quokkas with this limited edition poster.,product_images/meet-a-quokka-aka-the-worlds-happiest-animal-aka-a-short-v0-02dv1ihoyb3a1.webp,Quokka themed poster,2019-11-07 09:57:09,2019-11-07 09:57:09
142,Quokka Adventure: hat Edition,Join the quokkas on an adventure with this special hat.,product_images/Quokka.jpg,Quokka themed hat,2022-11-03 18:17:46,2022-11-03 18:17:46
143,Exclusive Quokka bag,An exclusive bag that captures the essence of quokkas.,product_images/public.avif,Quokka themed bag,2019-02-17 19:28:50,2019-02-17 19:28:50
144,Quokka Lover's keychain,Every quokka lover needs this keychain in their life.,product_images/quokka-nicole-wilson.jpg,Quokka themed keychain,2023-01-01 19:25:13,2023-01-01 19:25:13
145,Handmade bag with Quokka Design,Beautifully crafted bag featuring intricate quokka designs.,product_images/public.avif,Quokka themed bag,2021-12-13 15:07:45,2021-12-13 15:07:45
146,keychain Quokka Plushie,Soft and cuddly plushie inspired by the adorable quokka.,product_images/vGCoOL0i6oviWlLnx46s--1--xn3lz.webp,Quokka themed keychain,2021-01-23 19:24:46,2021-01-23 19:24:46
147,Exclusive Quokka keychain,An exclusive keychain that captures the essence of quokkas.,product_images/Quokka.jpg,Quokka themed keychain,2022-08-20 23:42:42,2022-08-20 23:42:42
148,Quokka and sticker Combo,The perfect combo for quokka and sticker lovers alike.,product_images/quokka3-e1572408330773.jpg,Quokka themed sticker,2020-05-30 03:35:01,2020-05-30 03:35:01
149,Quokka Adventure: mug Edition,Join the quokkas on an adventure with this special mug.,product_images/Tongue-out-quokka.jpg,Quokka themed mug,2019-04-03 02:35:03,2019-04-03 02:35:03
150,sticker Quokka Plushie,Soft and cuddly plushie inspired by the adorable quokka.,product_images/Tongue-out-quokka.jpg,Quokka themed sticker,2023-06-02 12:43:02,2023-06-02 12:43:02
151,Handmade mug with Quokka Design,Beautifully crafted mug featuring intricate quokka designs.,product_images/1_0lkX3gSqq8PnT51YTBDmnQ.jpg,Quokka themed mug,2020-06-08 15:12:39,2020-06-08 15:12:39
152,pillow Quokka Plushie,Soft and cuddly plushie inspired by the adorable quokka.,product_images/6oppejma1tmb1.jpg,Quokka themed pillow,2020-04-20 02:51:05,2020-04-20 02:51:05
153,Quokka Friendly hat,Quokkas give their seal of approval to this hat.,\"product_images/71x2mTGt90L._AC_UF894,1000_QL80_.jpg\",2022-08-06 07:15:15,2022-08-06 07:15:15
154,bag Inspired by Quokkas,Embrace the quokka lifestyle with this stunning bag.,product_images/images (2).jpeg,Quokka themed bag,2020-08-17 01:12:10,2020-08-17 01:12:10
155,Quokka Friendly poster,Quokkas give their seal of approval to this poster.,product_images/images.jpeg,Quokka themed poster,2021-06-29 21:52:29,2021-06-29 21:52:29
156,notebook Inspired by Quokkas,Embrace the quokka lifestyle with this stunning notebook.,product_images/images (1).jpeg,Quokka themed notebook,2023-06-18 07:46:21,2023-06-18 07:46:21
157,Quokka's Favorite t-shirt,\"\"\"Quokkas absolutely adore this t-shirt\",\"product_images/flat,750x,2023-11-10 15:55:21,2023-11-10 15:55:21
158,Quokka Adventure: pillow Edition,Join the quokkas on an adventure with this special pillow.,product_images/7c1b43f1865af1767ab078be3b7f13d8.png,Quokka themed pillow,2019-05-16 16:29:32,2019-05-16 16:29:32
159,Quokka Friendly t-shirt,Quokkas give their seal of approval to this t-shirt.,product_images/e058wczwpwl91.webp,Quokka themed t-shirt,2019-05-27 10:20:11,2019-05-27 10:20:11
160,Quokka Friendly mug,Quokkas give their seal of approval to this mug.,product_images/1_0lkX3gSqq8PnT51YTBDmnQ.jpg,Quokka themed mug,2020-11-22 05:08:20,2020-11-22 05:08:20
161,Quokka Adventure: keychain Edition,Join the quokkas on an adventure with this special keychain.,product_images/1_0lkX3gSqq8PnT51YTBDmnQ.jpg,Quokka themed keychain,2019-02-20 10:34:12,2019-02-20 10:34:12
162,hat for Quokkas,Perfect hat for all the quokka enthusiasts out there.,product_images/depositphotos_661112890-stock-photo-happy-animal-quokka-winking-your.jpg,Quokka themed hat,2023-10-21 18:24:23,2023-10-21 18:24:23
163,notebook with Quokka Magic,Add a touch of quokka magic to your life with this notebook.,product_images/quokka-7656365_1280.webp,Quokka themed notebook,2022-01-29 19:21:43,2022-01-29 19:21:43
164,Quokka's Favorite mug,\"\"\"Quokkas absolutely adore this mug\",product_images/1efctzlr39ia1.jpg,,2021-02-16 09:32:50,2021-02-16 09:32:50
165,Quokka-themed mug,Get into the quokka spirit with this amazing mug!,product_images/meet-a-quokka-aka-the-worlds-happiest-animal-aka-a-short-v0-02dv1ihoyb3a1.webp,Quokka themed mug,2022-10-21 15:49:48,2022-10-21 15:49:48
166,t-shirt with Quokka Magic,Add a touch of quokka magic to your life with this t-shirt.,\"product_images/flat,750x,2021-05-03 05:59:01,2021-05-03 05:59:01
167,notebook for Quokkas,Perfect notebook for all the quokka enthusiasts out there.,product_images/Happy-quokka.jpg,Quokka themed notebook,2021-04-23 11:52:58,2021-04-23 11:52:58
168,Exclusive Quokka sticker,An exclusive sticker that captures the essence of quokkas.,product_images/e058wczwpwl91.webp,Quokka themed sticker,2023-05-26 11:17:38,2023-05-26 11:17:38
169,poster - The Quokka Way,Experience the quokka way of life with this poster.,product_images/7c1b43f1865af1767ab078be3b7f13d8.png,Quokka themed poster,2021-10-02 00:32:19,2021-10-02 00:32:19
170,pillow Inspired by Quokkas,Embrace the quokka lifestyle with this stunning pillow.,product_images/ff65869379f8a0329cde6c8d2a3cda17.jpg,Quokka themed pillow,2022-02-13 20:53:52,2022-02-13 20:53:52
171,hat with Quokka Magic,Add a touch of quokka magic to your life with this hat.,product_images/quokka-cartoon-illustration-isolated-free-vector.jpg,Quokka themed hat,2020-01-18 18:06:18,2020-01-18 18:06:18
172,Quokka Adventure: t-shirt Edition,Join the quokkas on an adventure with this special t-shirt.,product_images/Screenshot 2023-12-03 at 6.07.18 PM.png,Quokka themed t-shirt,2019-07-03 21:32:31,2019-07-03 21:32:31
173,t-shirt - Quokka Edition,Celebrate quokkas with this limited edition t-shirt.,product_images/48891628.jpg,Quokka themed t-shirt,2022-09-08 15:54:03,2022-09-08 15:54:03
174,notebook - Quokka Edition,Celebrate quokkas with this limited edition notebook.,product_images/public.avif,Quokka themed notebook,2023-07-03 03:08:43,2023-07-03 03:08:43
175,hat Quokka Plushie,Soft and cuddly plushie inspired by the adorable quokka.,product_images/public.avif,Quokka themed hat,2019-11-26 16:08:24,2019-11-26 16:08:24
176,Quokka's Favorite socks,\"\"\"Quokkas absolutely adore this socks\",product_images/large-Quokka-photo.webp,,2019-10-07 03:54:17,2019-10-07 03:54:17
177,Quokka-themed notebook,Get into the quokka spirit with this amazing notebook!,product_images/quokka-running-crop.avif,Quokka themed notebook,2020-03-29 15:31:37,2020-03-29 15:31:37
178,Quokka's Favorite keychain,\"\"\"Quokkas absolutely adore this keychain\",product_images/quokka-2676171_1920.webp,,2020-05-02 12:39:26,2020-05-02 12:39:26
179,Quokka and socks Combo,The perfect combo for quokka and socks lovers alike.,product_images/meet-a-quokka-aka-the-worlds-happiest-animal-aka-a-short-v0-02dv1ihoyb3a1.webp,Quokka themed socks,2021-10-23 14:41:43,2021-10-23 14:41:43
180,Quokka-themed keychain,Get into the quokka spirit with this amazing keychain!,product_images/public.avif,Quokka themed keychain,2022-06-19 11:48:54,2022-06-19 11:48:54
181,Quokka Friendly keychain,Quokkas give their seal of approval to this keychain.,product_images/6133232564f097f97dc39f94f312fab6.jpg,Quokka themed keychain,2020-10-12 12:59:29,2020-10-12 12:59:29
182,Quokka and pillow Combo,The perfect combo for quokka and pillow lovers alike.,product_images/Happy-quokka.jpg,Quokka themed pillow,2023-07-10 07:46:17,2023-07-10 07:46:17
183,sticker - Quokka Edition,Celebrate quokkas with this limited edition sticker.,product_images/e058wczwpwl91.webp,Quokka themed sticker,2021-01-26 20:24:08,2021-01-26 20:24:08
184,Handmade t-shirt with Quokka Design,Beautifully crafted t-shirt featuring intricate quokka designs.,product_images/quokka-cartoon-illustration-isolated-free-vector.jpg,Quokka themed t-shirt,2021-12-06 08:11:11,2021-12-06 08:11:11
185,Quokka and poster Combo,The perfect combo for quokka and poster lovers alike.,product_images/DEREK.webp,Quokka themed poster,2021-12-12 06:08:25,2021-12-12 06:08:25
186,Quokka and mug Combo,The perfect combo for quokka and mug lovers alike.,product_images/quokka-cartoon-illustration-isolated-free-vector.jpg,Quokka themed mug,2021-02-04 12:08:16,2021-02-04 12:08:16
187,Quokka Adventure: poster Edition,Join the quokkas on an adventure with this special poster.,product_images/6oppejma1tmb1.jpg,Quokka themed poster,2023-04-03 19:03:46,2023-04-03 19:03:46
188,Quokka Lover's socks,Every quokka lover needs this socks in their life.,product_images/images (1).jpeg,Quokka themed socks,2019-01-11 09:26:19,2019-01-11 09:26:19
189,Handmade socks with Quokka Design,Beautifully crafted socks featuring intricate quokka designs.,product_images/quokka1.jpeg,Quokka themed socks,2023-05-11 07:34:11,2023-05-11 07:34:11
190,sticker Inspired by Quokkas,Embrace the quokka lifestyle with this stunning sticker.,product_images/quokka3-e1572408330773.jpg,Quokka themed sticker,2019-06-22 20:27:27,2019-06-22 20:27:27
191,Quokka Lover's poster,Every quokka lover needs this poster in their life.,product_images/1efctzlr39ia1.jpg,Quokka themed poster,2022-07-07 02:45:49,2022-07-07 02:45:49
192,poster Inspired by Quokkas,Embrace the quokka lifestyle with this stunning poster.,\"product_images/flat,750x,2019-11-18 19:35:54,2019-11-18 19:35:54
193,notebook Quokka Plushie,Soft and cuddly plushie inspired by the adorable quokka.,product_images/7c1b43f1865af1767ab078be3b7f13d8.png,Quokka themed notebook,2023-11-01 07:25:11,2023-11-01 07:25:11
194,poster Quokka Plushie,Soft and cuddly plushie inspired by the adorable quokka.,product_images/quokka3-e1572408330773.jpg,Quokka themed poster,2022-07-07 02:54:35,2022-07-07 02:54:35
195,socks - Quokka Edition,Celebrate quokkas with this limited edition socks.,product_images/6133232564f097f97dc39f94f312fab6.jpg,Quokka themed socks,2022-11-05 01:50:19,2022-11-05 01:50:19
196,notebook - The Quokka Way,Experience the quokka way of life with this notebook.,product_images/quokka-cute-animal-free-photo.jpg,Quokka themed notebook,2019-07-26 19:19:57,2019-07-26 19:19:57
197,Quokka Lover's pillow,Every quokka lover needs this pillow in their life.,product_images/quokka-2676171_1920.webp,Quokka themed pillow,2019-10-14 07:18:34,2019-10-14 07:18:34
198,Quokka and keychain Combo,The perfect combo for quokka and keychain lovers alike.,product_images/quokka1.jpeg,Quokka themed keychain,2022-10-24 05:45:18,2022-10-24 05:45:18
199,socks with Quokka Magic,Add a touch of quokka magic to your life with this socks.,product_images/quokka-running-crop.avif,Quokka themed socks,2020-03-08 02:57:33,2020-03-08 02:57:33
200,Exclusive Quokka notebook,An exclusive notebook that captures the essence of quokkas.,product_images/quokka-2676171_1920.webp,Quokka themed notebook,2022-03-09 01:40:12,2022-03-09 01:40:12
201,Quokka Approved poster,\"\"\"Quokka approved\",product_images/quokka2.png,,2020-07-04 04:23:33,2020-07-04 04:23:33
202,Quokka Lover's mug,Every quokka lover needs this mug in their life.,product_images/images.jpeg,Quokka themed mug,2022-05-30 12:22:50,2022-05-30 12:22:50
203,Quokka-themed hat,Get into the quokka spirit with this amazing hat!,product_images/quokka-cute-animal-free-photo.jpg,Quokka themed hat,2023-09-17 17:26:41,2023-09-17 17:26:41
204,hat - The Quokka Way,Experience the quokka way of life with this hat.,product_images/images.jpeg,Quokka themed hat,2019-03-24 04:06:54,2019-03-24 04:06:54
205,Quokka Adventure: bag Edition,Join the quokkas on an adventure with this special bag.,product_images/quokka-running-crop.avif,Quokka themed bag,2021-11-12 00:38:55,2021-11-12 00:38:55
206,Quokka Approved keychain,\"\"\"Quokka approved\",product_images/quokka-running-crop.avif,,2022-07-23 07:49:44,2022-07-23 07:49:44
207,Handmade poster with Quokka Design,Beautifully crafted poster featuring intricate quokka designs.,product_images/1_0lkX3gSqq8PnT51YTBDmnQ.jpg,Quokka themed poster,2021-04-21 15:07:33,2021-04-21 15:07:33
208,Quokka Approved t-shirt,\"\"\"Quokka approved\",product_images/quokka-chris-butler.jpg,,2021-05-04 21:29:20,2021-05-04 21:29:20
209,Quokka Friendly sticker,Quokkas give their seal of approval to this sticker.,product_images/quokka3-e1572408330773.jpg,Quokka themed sticker,2020-02-20 00:44:02,2020-02-20 00:44:02
210,pillow - Quokka Edition,Celebrate quokkas with this limited edition pillow.,product_images/ff65869379f8a0329cde6c8d2a3cda17.jpg,Quokka themed pillow,2019-08-25 15:38:22,2019-08-25 15:38:22
211,sticker - The Quokka Way,Experience the quokka way of life with this sticker.,product_images/quokka-chris-butler.jpg,Quokka themed sticker,2023-10-04 02:06:06,2023-10-04 02:06:06
212,Quokka Approved sticker,\"\"\"Quokka approved\",product_images/dfuwni4-8689dc96-be9a-4e5d-a8dc-d99da7d4540f.jpg,,2022-09-16 12:12:20,2022-09-16 12:12:20
213,keychain with Quokka Magic,Add a touch of quokka magic to your life with this keychain.,product_images/Happy-quokka.jpg,Quokka themed keychain,2023-08-01 05:03:37,2023-08-01 05:03:37
214,socks Quokka Plushie,Soft and cuddly plushie inspired by the adorable quokka.,product_images/7c1b43f1865af1767ab078be3b7f13d8.png,Quokka themed socks,2021-08-08 20:19:26,2021-08-08 20:19:26
215,t-shirt Quokka Plushie,Soft and cuddly plushie inspired by the adorable quokka.,product_images/images.jpeg,Quokka themed t-shirt,2020-07-16 06:57:47,2020-07-16 06:57:47
216,Quokka Approved pillow,\"\"\"Quokka approved\",product_images/6133232564f097f97dc39f94f312fab6.jpg,,2023-09-14 08:01:12,2023-09-14 08:01:12
217,keychain Inspired by Quokkas,Embrace the quokka lifestyle with this stunning keychain.,product_images/ff65869379f8a0329cde6c8d2a3cda17.jpg,Quokka themed keychain,2019-04-24 13:15:39,2019-04-24 13:15:39
218,Quokka Lover's bag,Every quokka lover needs this bag in their life.,product_images/e058wczwpwl91.webp,Quokka themed bag,2020-10-22 04:16:05,2020-10-22 04:16:05
219,Handmade hat with Quokka Design,Beautifully crafted hat featuring intricate quokka designs.,product_images/1efctzlr39ia1.jpg,Quokka themed hat,2022-09-19 14:30:41,2022-09-19 14:30:41
220,Quokka-themed pillow,Get into the quokka spirit with this amazing pillow!,product_images/quokka-7656365_1280.webp,Quokka themed pillow,2023-04-01 22:06:19,2023-04-01 22:06:19
221,mug - Quokka Edition,Celebrate quokkas with this limited edition mug.,product_images/quokka2.png,Quokka themed mug,2022-05-30 07:59:20,2022-05-30 07:59:20
222,Quokka Approved notebook,\"\"\"Quokka approved\",product_images/images (1).jpeg,,2020-02-05 12:58:45,2020-02-05 12:58:45
223,Exclusive Quokka mug,An exclusive mug that captures the essence of quokkas.,product_images/48891628.jpg,Quokka themed mug,2023-08-25 06:54:50,2023-08-25 06:54:50
224,sticker for Quokkas,Perfect sticker for all the quokka enthusiasts out there.,product_images/quokka-cute-animal-free-photo.jpg,Quokka themed sticker,2023-07-12 22:11:09,2023-07-12 22:11:09
225,keychain - The Quokka Way,Experience the quokka way of life with this keychain.,product_images/ff65869379f8a0329cde6c8d2a3cda17.jpg,Quokka themed keychain,2019-03-24 10:28:07,2019-03-24 10:28:07
226,bag for Quokkas,Perfect bag for all the quokka enthusiasts out there.,product_images/DEREK.webp,Quokka themed bag,2020-08-10 23:31:29,2020-08-10 23:31:29
227,Quokka Adventure: notebook Edition,Join the quokkas on an adventure with this special notebook.,product_images/depositphotos_661112890-stock-photo-happy-animal-quokka-winking-your.jpg,Quokka themed notebook,2021-05-08 04:16:48,2021-05-08 04:16:48
228,pillow - The Quokka Way,Experience the quokka way of life with this pillow.,product_images/Quokka.jpg,Quokka themed pillow,2023-08-31 11:44:16,2023-08-31 11:44:16
229,Handmade sticker with Quokka Design,Beautifully crafted sticker featuring intricate quokka designs.,product_images/Screenshot 2023-12-03 at 6.07.18 PM.png,Quokka themed sticker,2020-09-08 16:37:04,2020-09-08 16:37:04
230,Handmade notebook with Quokka Design,Beautifully crafted notebook featuring intricate quokka designs.,product_images/quokka-nicole-wilson.jpg,Quokka themed notebook,2021-03-11 12:52:20,2021-03-11 12:52:20
231,Exclusive Quokka socks,An exclusive socks that captures the essence of quokkas.,product_images/quokka1.jpeg,Quokka themed socks,2019-05-28 23:37:12,2019-05-28 23:37:12
232,Quokka Approved bag,\"\"\"Quokka approved\",product_images/7c1b43f1865af1767ab078be3b7f13d8.png,,2023-04-21 20:47:00,2023-04-21 20:47:00
233,Quokka-themed t-shirt,Get into the quokka spirit with this amazing t-shirt!,product_images/quokka-blobfish-with-rainbow-and-hearts-zimstarus.jpg,Quokka themed t-shirt,2022-01-20 03:18:30,2022-01-20 03:18:30
234,pillow with Quokka Magic,Add a touch of quokka magic to your life with this pillow.,product_images/large-Quokka-photo.webp,Quokka themed pillow,2021-05-10 11:40:33,2021-05-10 11:40:33
235,Quokka Approved mug,\"\"\"Quokka approved\",product_images/Cutest-Animals_-Quokka-1024x535.jpg,,2022-03-15 21:39:38,2022-03-15 21:39:38
236,Exclusive Quokka hat,An exclusive hat that captures the essence of quokkas.,product_images/depositphotos_661112890-stock-photo-happy-animal-quokka-winking-your.jpg,Quokka themed hat,2020-01-20 21:26:26,2020-01-20 21:26:26
237,Quokka's Favorite bag,\"\"\"Quokkas absolutely adore this bag\",product_images/dfuwni4-8689dc96-be9a-4e5d-a8dc-d99da7d4540f.jpg,,2019-04-01 21:51:10,2019-04-01 21:51:10
238,Exclusive Quokka poster,An exclusive poster that captures the essence of quokkas.,product_images/48891628.jpg,Quokka themed poster,2020-07-29 23:30:17,2020-07-29 23:30:17
239,Quokka Adventure: socks Edition,Join the quokkas on an adventure with this special socks.,product_images/austrailian-quokka-sand.webp,Quokka themed socks,2021-06-29 02:57:01,2021-06-29 02:57:01
240,Quokka's Favorite pillow,\"\"\"Quokkas absolutely adore this pillow\",product_images/adorable-quokka-cute-furry-animal-portrait-fish-eye-lens-wildlife-jungle-mammal-adorable-quokka-cute-furry-animal-portrait-fish-270970729.jpg,,2020-09-11 19:12:38,2020-09-11 19:12:38
241,bag Quokka Plushie,Soft and cuddly plushie inspired by the adorable quokka.,product_images/Screenshot 2023-12-03 at 6.07.18 PM.png,Quokka themed bag,2022-10-01 01:14:07,2022-10-01 01:14:07
242,Quokka and notebook Combo,The perfect combo for quokka and notebook lovers alike.,product_images/Screenshot 2023-12-03 at 6.07.18 PM.png,Quokka themed notebook,2021-06-10 04:53:02,2021-06-10 04:53:02
243,Handmade pillow with Quokka Design,Beautifully crafted pillow featuring intricate quokka designs.,product_images/quokka-chris-butler.jpg,Quokka themed pillow,2018-12-18 14:11:12,2018-12-18 14:11:12
244,Quokka Approved socks,\"\"\"Quokka approved\",product_images/a179c6x088fa1.jpg,,2019-04-18 14:43:07,2019-04-18 14:43:07
245,keychain - Quokka Edition,Celebrate quokkas with this limited edition keychain.,product_images/meet-a-quokka-aka-the-worlds-happiest-animal-aka-a-short-v0-02dv1ihoyb3a1.webp,Quokka themed keychain,2022-07-30 23:55:54,2022-07-30 23:55:54
246,poster for Quokkas,Perfect poster for all the quokka enthusiasts out there.,\"product_images/flat,750x,2022-08-25 06:22:55,2022-08-25 06:22:55
247,socks Inspired by Quokkas,Embrace the quokka lifestyle with this stunning socks.,product_images/quokka3-e1572408330773.jpg,Quokka themed socks,2023-08-14 21:20:35,2023-08-14 21:20:35
248,Quokka Friendly notebook,Quokkas give their seal of approval to this notebook.,product_images/adorable-quokka-cute-furry-animal-portrait-fish-eye-lens-wildlife-jungle-mammal-adorable-quokka-cute-furry-animal-portrait-fish-270970729.jpg,Quokka themed notebook,2019-01-09 17:32:07,2019-01-09 17:32:07
249,t-shirt Inspired by Quokkas,Embrace the quokka lifestyle with this stunning t-shirt.,product_images/large-Quokka-photo.webp,Quokka themed t-shirt,2020-05-08 22:44:10,2020-05-08 22:44:10
250,t-shirt for Quokkas,Perfect t-shirt for all the quokka enthusiasts out there.,product_images/e058wczwpwl91.webp,Quokka themed t-shirt,2019-10-25 09:38:59,2019-10-25 09:38:59
251,bag - Quokka Edition,Celebrate quokkas with this limited edition bag.,product_images/quokka1.jpeg,Quokka themed bag,2022-01-21 22:05:58,2022-01-21 22:05:58
252,Quokka Adventure: sticker Edition,Join the quokkas on an adventure with this special sticker.,product_images/images.jpeg,Quokka themed sticker,2022-07-02 12:27:16,2022-07-02 12:27:16
253,Quokka Lover's notebook,Every quokka lover needs this notebook in their life.,product_images/Tongue-out-quokka.jpg,Quokka themed notebook,2020-11-23 19:33:03,2020-11-23 19:33:03
