"0","tamaramorrison@hotmail.com","Gary","Cross","711 Golden Overpass
West Andreaville, OH 44115","pbkdf2:sha256:600000$JwsJRKAgFkUDzz5t$18634684a4c4ce14f00c85d96a16d913fc86ce1509e6a9e78c70384cd35dca9a","6199659342","0"
"1","stephenschristine@yahoo.com","Chelsea","Greer","Unit 0903 Box 2173
DPO AP 08507","pbkdf2:sha256:600000$1bx7XoN1mRWmNRTp$a62dadb6dbde98afc8cb28b8363a206accdae5bd8bdb7d864213fda5ac8dc139","2143562087","0"
"2","lambnancy@yahoo.com","Joan","Page","71427 Odonnell Rapids
North Troyport, MP 61697","pbkdf2:sha256:600000$AuEkkWDNQ2nY4tH6$470a06954864960fd5618a46c1c14e3c82c7f9ca83e26f4e313df2a91ba1f594","+1-212-206-6503","0"
"3","kellywoods@gmail.com","Steven","Bowman","22455 Higgins Junction Apt. 042
New Keith, MO 72391","pbkdf2:sha256:600000$z5SFtiPvJp7Z9OVS$ae8cf9fa61bec6831bd77a9b9f0e8e37ceb96cde1000280ba9c7b918366957a3","928-714-6546","0"
"4","ushelton@yahoo.com","Dakota","Crawford","76582 Vanessa Oval
New Richard, TX 55975","pbkdf2:sha256:600000$ghskPbNnN7D2PCTn$5220e1741381800568bed89c6ebe3f72fdbd5360a05101b225ac21dc2081bef1","+1-438-893-0555","0"
"5","dpatrick@gmail.com","William","Lawson","248 Cook Park
Sherriport, WI 53987","pbkdf2:sha256:600000$Zfvy4chvcXXJ7Jko$7e0c4f09a2add4813e141f4d4debf05ff60a5cb3498f5deb5f415d30be3839c4","(934)350-0762","0"
"6","glivingston@yahoo.com","Jenna","Watson","74089 Jerry Trail
Hunterville, FL 56333","pbkdf2:sha256:600000$8nwLASWD7CDvJ9is$1d17ddc1bb2b496bbce29ca2079ca465fd3226915558e013f7b4e379119e1067","762-607-6607","0"
"7","andrea29@yahoo.com","Willie","Garcia","332 Watson Shore Apt. 290
Millerland, DC 55581","pbkdf2:sha256:600000$y45Lep4IwWul1pOH$0438fdf1c9264ae7404179c3db088054e565ad2c4676c239da04cd3d1180e6a6","+1-951-537-5806","0"
"8","april98@hotmail.com","Kelly","Perkins","391 Chad Greens Suite 851
Port Frank, MT 38471","pbkdf2:sha256:600000$Vtt0NEq181RkpIme$7e31175ab45daa4a0ed35fff950ac8901256ef9b1503f15d0d1e51e9f2b880c6","+1-416-486-4475","0"
"9","bullockarthur@hotmail.com","Michael","Hernandez","PSC 7566, Box 7633
APO AA 27274","pbkdf2:sha256:600000$jWJTgr8kFoJ6j9mx$ffebc06e549954889683b97e0f49e90951025282566c78dd8c59702f513eb9cc","(650)723-9491","0"
"10","bradleyvilla@gmail.com","Erica","Bryant","85334 Collins Wall
Scottstad, VI 93887","pbkdf2:sha256:600000$K8erYK4h3V8qiBlK$78ae0e2f2c0c9178181a98824187bb8b9aeebdff49d8fb504444fdb85e478a5c","3774067771","0"
"11","taylorjamie@yahoo.com","Mitchell","Payne","57492 Lisa Plaza Suite 590
South Eric, HI 67409","pbkdf2:sha256:600000$lohbkV45SIFf0A9q$b9275b64c9166d6e53d2a832e39962940b70b5b3e15fee4b79cccbd7daa7ab81","001-733-923-6599","0"
"12","christystanley@hotmail.com","Haley","Beck","2566 Robert Greens Suite 091
Finleyburgh, AL 66109","pbkdf2:sha256:600000$nGLzfX2n4XMYfyN4$e231a4f748ed8c0ded04d095f91aaa7ce80eee2bed49f59c6c5e99fe37462511","(415)332-3028","0"
"13","brendacortez@hotmail.com","Don","Forbes","Unit 3885 Box 6431
DPO AP 43681","pbkdf2:sha256:600000$g1UFz5AqOH0hIVIr$a7a34d257b4d3af00513985a439aef0dfc7ca1686f669f75956827103c7a295c","(725)609-0925","0"
"14","cmiller@gmail.com","Nicole","Moore","930 Rice Estate Apt. 570
New Patricia, KY 24767","pbkdf2:sha256:600000$Jbfk99nVw90oG5gi$d1203c23aa7888462199b0c78206b33c651999ffeed4b8952b671ba3c901e185","001-878-713-2716","0"
"15","kimberly87@gmail.com","Kyle","Powell","080 Herring Key Apt. 182
Jamesview, MD 92304","pbkdf2:sha256:600000$YhUOn9NOYx7AkD0p$5755abfb9f7594ffc3a293caa3861972e9b4862675a0d2b6076e807410a632b7","5829092805","0"
"16","dalvarez@hotmail.com","Justin","Lara","1511 Michael Fall
Gilberttown, MD 60332","pbkdf2:sha256:600000$fbWXCDGPHW6OpNqw$a2c9c3ea8302d402c8e7cacb69a9a3fb90bffea52699200124f72fd3b9514a2e","608-211-5517","0"
"17","tammy66@gmail.com","Paula","Rodriguez","6953 Michael Forge
Joneschester, OK 86835","pbkdf2:sha256:600000$Opc6YSSQ9ki0nosl$3a8cae6cf196136b1125465a017830a659a17665e4620254e5408880a22b4bef","(236)937-6914","0"
"18","pford@hotmail.com","Tina","Thompson","646 Michael Curve
New Michaeltown, NE 76089","pbkdf2:sha256:600000$sobko3ZjBXREXqCf$618297e0cd5ef39eef2181aa1a3297bf53ddfaa9057950ef695c6de3fe9f9e92","+1-916-788-2223","0"
"19","lbaker@gmail.com","Heidi","Sharp","732 Kimberly Pass Apt. 028
Franklinborough, NV 93317","pbkdf2:sha256:600000$HV4d0r2bbFlUPPnt$2f7506c921f4ddb04412c47e4512c7da9c9c98667aef167dcf26c4362baf2dc3","(579)906-1965","0"
"20","christopher49@yahoo.com","Christina","Johnson","8551 John Parks
Joshuatown, NM 47013","pbkdf2:sha256:600000$HXvuKHSXKu74cuoh$c2d21b23766a18af9de16ffa9e909f027562284b78bfa374560a7b3f13749f91","001-356-823-4375","0"
"21","meyerchristine@yahoo.com","Aimee","Nichols","USNS Miller
FPO AA 26414","pbkdf2:sha256:600000$7b7WD9EUgEKNhrXA$25f3308a38d3bfd57925de9d025e5eefe6ea986ae7a7c16b25863d81a5142e2e","+1-523-836-6706","0"
"22","michael79@gmail.com","Jamie","Cunningham","0708 Benjamin Trail Suite 363
Thomasberg, IN 58291","pbkdf2:sha256:600000$M5Ykquu75FNHEBkP$8950477724df06f654088413b178f61acaea0cf079fe53556455c603be4c95a2","8135481025","0"
"23","estephens@gmail.com","Nicole","Walton","006 Christopher Loop Suite 830
New Dawn, NM 40953","pbkdf2:sha256:600000$OHNLoFKVVluuwWyf$f35605a08070ec8c50067e9ea0dbf3a92241fe3359d14f65c97f511c4d31fed0","001-770-436-9541","0"
"24","wendysteele@gmail.com","Kristen","Martin","51986 John Cove Apt. 927
New Marybury, MI 13190","pbkdf2:sha256:600000$NlyUtiZKzNxYRB9g$cee17e010da4584256e27340e85e4a4ffee0232b9f36065ea3f7fb26bc6c32fd","5979524583","0"
"25","brandi45@hotmail.com","Russell","Little","Unit 4038 Box 2490
DPO AA 55367","pbkdf2:sha256:600000$j3z0yPWJTSncEfLL$4da73b9518ff20e7a27539869587d0d2b6cbcd1bf342aa36382b3afd821fdf20","3166528037","0"
"26","gillbrian@gmail.com","Jasmine","Cruz","36746 Stanley Green
Port Ericbury, WA 28012","pbkdf2:sha256:600000$4H2mXvjI6258F4oq$d6d25b4be957ecee2f834bca2602078eb1c8dbb57524c9dd171f4e9d40bfd242","7376298409","0"
"27","lyonskayla@gmail.com","Veronica","Harding","400 Cathy Expressway Suite 367
Micheleland, OR 57115","pbkdf2:sha256:600000$kBCmYBrNc5oZ3HnD$f88c95984f03b41914c7cb0b86cd41f4ea20a427d69277371584d34e7e9977f1","+1-945-436-3522","0"
"28","imcclain@gmail.com","Lisa","Beltran","52169 Brandon Loop Apt. 096
New Jessica, ME 53807","pbkdf2:sha256:600000$nPgBII0MkhSzMKQ7$70b0bcab6658748745cd04e3326340b207df525424e3dc5b2f3ba92430173584","6826823921","0"
"29","umorales@hotmail.com","Joseph","Knox","22069 Elizabeth Pine
Annettestad, TN 95772","pbkdf2:sha256:600000$hYxStZz9D3Oniyhu$6fd8ca82f068752b7b72bf349c7fa7d0b1c21d3b7016aa076daa66aa8a1c1db6","+1-578-353-8065","0"
"30","vallen@hotmail.com","Alexander","Gibson","286 Young Light Suite 334
New Brenda, FM 49268","pbkdf2:sha256:600000$szoqBcAU1Gcd2SnG$f2ed9ff4af44860f4a84de2cf7ff3ee44a76f48ec38db2914f671723bf51bd00","(353)924-8289","0"
"31","andrewkramer@hotmail.com","Phillip","MD","118 Melissa Prairie
Stephanieville, MH 74361","pbkdf2:sha256:600000$6CO7Dv4dZFgW42t0$9cb1ef45f21e26a04c8bcccca3fdfd9c32139830e75b5b5557500eb87425f870","696-429-9834","0"
"32","dianatorres@yahoo.com","Susan","Davis","8321 Alexander Islands Suite 805
Fitzgeraldfurt, OH 16998","pbkdf2:sha256:600000$ACYxDRy54fwUCBJR$323525a3634da094906b8ab537e479e9dfbb07fae357cba7a85d6a2cb4bd7648","001-496-237-3611","0"
"33","luke15@gmail.com","Jacqueline","Howell","PSC 3074, Box 2852
APO AE 67069","pbkdf2:sha256:600000$085AHC9I6w24m7Nz$332780927666a222dd24a19dbb7a7a7dda07314f733bf153c036268fb971d4bd","986-766-0271","0"
"34","jenniferbaldwin@hotmail.com","Dawn","Russell","238 Shawn Well
Port Johnshire, NC 72291","pbkdf2:sha256:600000$mcuMcsGN2ZmoilVM$978ee68de44aa04d5f69834b47956a6c67ff34599405bd1618f0caec2d4ba4df","(234)817-4344","0"
"35","joshua18@hotmail.com","Paige","Barr","5911 Anderson Bridge Suite 736
South Brianport, PA 22838","pbkdf2:sha256:600000$f96r7eTR4n38mNUz$265c6b642de0d33b67c237afa73655690cd2e83892809e3baa5e929f2705e1d7","402-901-5573","0"
"36","bmorris@yahoo.com","Janet","Ford","5857 Gilmore Stravenue
Melvinburgh, HI 29630","pbkdf2:sha256:600000$QlbaFmTXZmviWT9o$b0fc8c88f545e762fcf065602b301252ef16f0d6f5fe7a704b9d983df5de5971","+1-443-201-7823","0"
"37","eric71@gmail.com","Michael","Reynolds","8546 Michael Manors Suite 741
West Jerry, AK 82408","pbkdf2:sha256:600000$QOMBA2pQmKkvqmtI$38d6b308ca917e77b4dfd86b91eb8f866e73fee70abcf363dea376f3f1c32438","+1-603-220-8662","0"
"38","hreynolds@yahoo.com","Amy","Johnson","208 Laura Club
New Kimberlyville, ID 13622","pbkdf2:sha256:600000$TSrbOQMKBIgrfWBW$2f7cdf28250ef2e3a8455063ec327542e0dcd1e1abf3799d75b7610e2082cab5","2825812568","0"
"39","kim68@yahoo.com","Heather","Burgess","453 Christina Spurs
West Lauren, WI 14020","pbkdf2:sha256:600000$sPZlnHDjweJki0xJ$4ea9933fd1054f63c66a2ed7b4af86c87736e2edc7ddc783d26671ff503be52c","+1-753-860-6842","0"
"40","rebekahsmith@hotmail.com","Ricky","Barnes","039 Gutierrez Lock Apt. 266
Wilcoxborough, KS 08780","pbkdf2:sha256:600000$8nEviLxDWTY7ZLfq$fb2ca3522d84c20c67e5264392f750383b26d52336bf35c0e82d802c19c1dc20","824-926-4865","0"
"41","pli@hotmail.com","Nicole","Lawson","275 Dalton Drives Suite 475
Port Brady, NY 35078","pbkdf2:sha256:600000$AvW3ZQ17gfKZqnAp$391acbae5a37d6c53c0493ca3449871dff96f36e112e887a7b53b7352ef49c74","228-422-1530","0"
"42","thomasallen@hotmail.com","Christopher","Guerrero","65545 Jaime Run
Danielleburgh, PR 73609","pbkdf2:sha256:600000$zH4xpJxn3cB4CnoQ$f777ba8d0abb80163759de6a5fb24e990660a68ae5ecae3515a21f9267084a97","410-361-6772","0"
"43","collinsgordon@gmail.com","Emily","Crawford","Unit 4409 Box 9243
DPO AP 72385","pbkdf2:sha256:600000$H0I5rLk2doEVhei9$6cf3f32f2bc71b9991e7eaf177e081e33e4904ca767d2c993a967772c91e74ba","4882998665","0"
"44","olsonjohn@gmail.com","Perry","Jr.","73293 Molly Groves
New Melissa, TN 64065","pbkdf2:sha256:600000$EnfEhO3wLJL6dnSI$1dcbc17ac34fc1fe1c9164af5edb307492045d489acb7f6c33cabeb03f11fa69","5807119229","0"
"45","andersonlori@yahoo.com","James","Klein","92289 Frazier Motorway Apt. 647
Anthonytown, AS 60221","pbkdf2:sha256:600000$kw7RVB7OC7UrRWJO$6ec0cbeeeac1fcac8519f370b8e90faeb50287d3d84405643eadd3b62e4afa9e","+1-427-370-9526","0"
"46","amandasnyder@gmail.com","Billy","Hudson","Unit 9122 Box 9990
DPO AA 34602","pbkdf2:sha256:600000$IAF21Sj64MBGUdKo$b7283b0a0eabe06f170b4722d194c63730d55600dc1b0f93f879b21017a28d3b","3934273849","0"
"47","santiagocrystal@hotmail.com","Christopher","Berry","66923 Anthony Canyon
Sullivanport, GA 50346","pbkdf2:sha256:600000$JDghlSYbTDnzS4ch$77d1ae6dab954a63ceddb3953e4f88610967ac646d66be956fba7cb5cb7b784d","5595306780","0"
"48","jacobgray@hotmail.com","Michelle","Estrada","1475 Brown Greens
West Justinmouth, IN 32113","pbkdf2:sha256:600000$t2y4OPtXbSfeZSE8$190b8bfea57aae2e0cd1fd97e6e9bfe0786dcb28dbd12becf6bd0fafd1ee2558","+1-325-360-8086","0"
"49","bdixon@gmail.com","Barry","Rodriguez","090 Andersen Loop Suite 332
North Amandaberg, LA 47468","pbkdf2:sha256:600000$9N1LMqKYffY5HRQ3$292691faebe21951c8e95480c3352ba211dafa610063b7b5332d7b22567e1f91","+1-325-320-5218","0"
"50","ulewis@yahoo.com","Amber","Mcintyre","Unit 1365 Box 4017
DPO AA 83433","pbkdf2:sha256:600000$n7REwGs5l5KS1W9Z$d4512accbcac960c84e6740373c9e1faa4ba92343a3500881ef15184c6fc5263","(502)990-1503","0"
"51","porterjoel@hotmail.com","Brian","Matthews","59183 Sharon Brook
West Kaitlynville, NC 87787","pbkdf2:sha256:600000$LEdPDkd0lA5ychSs$5fb77df2068a8ea8be8ecda1ac8486cccec3de1473435d05e53580bc5156d2a9","636-397-7450","0"
"52","laurie57@hotmail.com","Amber","Wallace","07432 Garcia Trafficway Suite 804
East Brianview, NE 69256","pbkdf2:sha256:600000$VqfAOUawSCEL0vF9$20d5195a89c9a94fb842f70e4d0e855dd9ee1731d49b62d0b3cecd22e4b2f566","553-308-3780","0"
"53","lauren38@gmail.com","Brittany","Lopez","90555 Valerie Springs
Michaelchester, ID 47804","pbkdf2:sha256:600000$OFBraBv7MvmaD3iP$756a1d0d220be6285cbfca31819df9aabca33618d90c9a27424bf1902abac12b","(481)759-9891","0"
"54","jonathanfinley@yahoo.com","Mrs.","DVM","666 Kyle Expressway Suite 189
Moorefurt, IN 94619","pbkdf2:sha256:600000$iS9XnznIeayAUa9e$d5bd5549218bb5d9037606115ab75ca8fb56abf91046d393c1c65c390098ba47","001-257-658-3490","0"
"55","daniel45@hotmail.com","Melissa","Coleman","3992 Daniel Glen
Justinton, KY 75591","pbkdf2:sha256:600000$WgmOMXRsyuiLonow$30d9fd15746b81c1002d8b7962cad15890a5ca98910944255a5a2a643faa690a","+1-884-918-8005","0"
"56","meredithsmith@hotmail.com","Stephanie","Calhoun","3511 Joshua Shoals
East Robin, MS 57548","pbkdf2:sha256:600000$UOi7lY9gQ2HGQTqk$1d6fd457173e35cc1ea0365af338c2be534f8615edf4caf0b7b5247970017d48","(238)319-5548","0"
"57","armstrongcolleen@gmail.com","Sandra","Powell","39594 Kevin Ways Apt. 634
Andrewton, NE 96331","pbkdf2:sha256:600000$zE3yc0WiBtio5SNF$72dd40ed06047641c1a18e16d9f327b7044f155b0cd60268705b64ed9bb00901","8063947508","0"
"58","mwade@hotmail.com","Shelly","Bolton","086 Jackie Streets
North Natalie, MS 76915","pbkdf2:sha256:600000$JDuXvbiDbbX5GJNo$be88aef9cf5828f2f04f1eebd683e4ddec8578eccd4a36b589594767e768b43a","(658)631-4883","0"
"59","ramoskevin@hotmail.com","Tonya","Andersen","473 Joseph River
East Dennis, MH 94487","pbkdf2:sha256:600000$DetY6uxcfHv9AFYH$0c66655988fded290cc0d43f27a815407d1534a9a5dec68711d3b5b416c00ee4","(979)520-2086","0"
"60","colonconnor@gmail.com","Cassandra","Martin","09547 Ramirez Isle
Tinaland, SD 58300","pbkdf2:sha256:600000$hMYAl55mooLb4WYr$efeb683dcb4ab62a25753e552b016297d678a2a6c3feed282c8cee68cdac641c","863-984-5548","0"
"61","jennifermurphy@hotmail.com","Corey","Turner","215 Hall Track
Kaylahaven, MI 74609","pbkdf2:sha256:600000$sXO2hBVOjVArQ7MO$b1325ecae5f10a0ca0d92eaa9cc6673727275adb7dd3fc6e829925aafa5bd8c0","(564)653-8399","0"
"62","qwilliams@yahoo.com","Meagan","Graham","722 Alicia Cliffs Suite 521
Stanleyborough, VT 64632","pbkdf2:sha256:600000$gQEuiv6R38L4v6DI$ac5db754fd8429de4e269325a42f92a2869a7f023c0008558a44272865220f5f","369-607-1747","0"
"63","privera@gmail.com","Patricia","Pearson","27901 John Drive Suite 233
New Dominique, AR 59360","pbkdf2:sha256:600000$HXCyjWGTi3XdtyeM$045f3cbac9aa2b76a51fff20ebf89ef616667c1f944a17fc533b578ceaab970c","+1-790-703-6407","0"
"64","woodsamantha@yahoo.com","Samantha","Rodriguez","Unit 1634 Box 4991
DPO AE 71860","pbkdf2:sha256:600000$QYXyJKdWVTRDSDuR$54d6c34822594341d0f08df6313c135cba0738e6aba8df72c0f3f5b8af7257e5","7165454027","0"
"65","diazfrank@yahoo.com","Jacqueline","Brooks","16323 Matthew Walk
Curtisville, WY 79810","pbkdf2:sha256:600000$UVhYWQ6hFuUlz4dU$a10ba02b90129f5fd7ad6ecdfaa6f3012d06f89cb0b93f632218989f0c8276f3","344-256-2727","0"
"66","berrysarah@hotmail.com","Karen","Herrera","80161 Anderson Neck
Ashleytown, VI 70138","pbkdf2:sha256:600000$fpYxKr4bhcWuM1ak$ad10a1775a7006df177d5d6f492529278155f9170cf12ef7763ac5e6d7305a49","9277308087","0"
"67","charles41@gmail.com","Jaime","Nielsen","USCGC Flores
FPO AE 27638","pbkdf2:sha256:600000$UVQdBW2ZzFEGqjQz$5fbbb5456edf78ccd13e699cff6437623afc76087c4302b0545e0b3cc6345920","2964542387","0"
"68","trobinson@gmail.com","Dr.","DVM","7680 Weaver Route
West Kimtown, OR 62149","pbkdf2:sha256:600000$uJdISRBeqbWTDHHf$f1dc5f6f5187cb35bdf59cc256c1879987f06dba3c537134b93a06bb6ce64708","7832983186","0"
"69","zrose@yahoo.com","James","Walker","PSC 5651, Box 8297
APO AP 77352","pbkdf2:sha256:600000$eG0iswIgrFQeFR4Y$a4083c67187c643bb15b163dd5f8f0bbcf1858229ffc0d8a3d48b1cfed3aa620","(721)821-4038","0"
"70","austinnathan@hotmail.com","Darrell","Rodriguez","997 Johnson Plain
Wilsonside, VA 39690","pbkdf2:sha256:600000$qxCY2hKg91auk7sI$4282c9b09bdd68a9ad64c87097444a2b3ce871f9645b594b54e2b0dc0a8e6f24","(242)757-3658","0"
"71","qmartin@gmail.com","Alexandra","Boyle","PSC 2449, Box 9935
APO AA 17639","pbkdf2:sha256:600000$yghak2DFKZYPs1ab$1e583aad66d20fbf130904a251d8d55fd444ba06c4dd2944176010bf6d3a011d","(296)676-0929","0"
"72","ohayes@hotmail.com","Amanda","Perez","3335 Colleen Cove Apt. 135
New Peterborough, AS 24987","pbkdf2:sha256:600000$125O2bZkVewLqEYk$fee51e9fe05757d47c61d31ef2a5c8635c9f0cc41a3453cf1ccf24541e4cb905","001-388-521-5921","0"
"73","jeffreysmith@gmail.com","Samantha","Parrish","USCGC Blackburn
FPO AA 75632","pbkdf2:sha256:600000$2bHr96GJ5zpg1bBW$f8412186d0b4f738edca2112b06529094fab93826c17322aebceaf03f0d8bc78","001-237-249-4409","0"
"74","martin44@yahoo.com","Sara","Daniel","734 Johnson Lakes
Tiffanyshire, KS 31092","pbkdf2:sha256:600000$UDT8Sx207Lp03xbH$7f8b01927f45c68fd1c6ae9264caa3875a8bde10f6283412111de8012b46a8eb","916-932-3458","0"
"75","barry38@yahoo.com","Andrew","Murray","USNV Harper
FPO AP 93083","pbkdf2:sha256:600000$kjDAyl6evng5AM41$2388a1a4674cb7397678358646c7bfe423232adbae0b8e8084b79ce73b124c52","3172187524","0"
"76","scottalexa@gmail.com","Diana","Woods","2836 Ramirez Forge Suite 472
Bennettchester, VA 28154","pbkdf2:sha256:600000$rjUTFZzSqVshRNFD$fe4a769355d87837293de5cb95a6a2ce5d3228234898ef0e5c6bac3a29fd9749","2906699200","0"
"77","brianlopez@hotmail.com","Kayla","DDS","643 Zachary Mountain Suite 945
North Katiebury, NM 70406","pbkdf2:sha256:600000$p8guqiyq2iqRUeqt$f7c47f2132a3d7a692564c7599332b2da698b1850c3a0bf2ac3f420582939f09","(903)623-9055","0"
"78","madelinetaylor@yahoo.com","Cynthia","Lyons","9204 Ware Rapid
Lake Zachary, MD 72954","pbkdf2:sha256:600000$bp8uYLrqRe0YXMMw$056bff866aaf6c4ad5dc98c9784b501998ca81a4741060045016e6220f5deef0","001-821-446-5546","0"
"79","brett04@yahoo.com","Tammy","Bender","32356 Miller Radial
West Dawnfurt, DE 67460","pbkdf2:sha256:600000$uqRwpEHSmbesWVLN$d9191975b08684875613ba8f261b406c3f6ffb6b9f405726b26466fe14658130","5215554276","0"
"80","sarah21@hotmail.com","Ryan","Kline","30352 Buchanan Bypass Suite 685
East Kelly, DC 08252","pbkdf2:sha256:600000$bjHyvW8vYRpOq1cH$ef84e0a347f9898702e801f3f9881d775bc2545efe4e11eadeba8aceedccac69","301-526-9407","0"
"81","qwhitney@yahoo.com","Ashley","Camacho","9220 Gerald Island Suite 876
South Bruce, WI 89452","pbkdf2:sha256:600000$xVP5FpBJKvF4PtcF$abd6334b3ffcd6cf693185e3ec00a026b1569adfa6bf6d3f767cf66f7bcd8cab","+1-869-649-9124","0"
"82","michaelmcmillan@hotmail.com","Angela","Peterson","134 Garrett Curve
Sarahview, AR 01733","pbkdf2:sha256:600000$k4rd6bPQ74dYbge1$3c9d049afd3b938f3b4c94943f90072a34762f7d7ef303384d46b712f9364a40","001-970-942-7335","0"
"83","wmiller@hotmail.com","Keith","Miles","7167 Austin Spring
Perezberg, OR 63172","pbkdf2:sha256:600000$HZZeJhEHjt5w6IYn$e397867a853514b0f689b4da0b234eaf33ab05203f5b94f0e472eba441b8bfa6","+1-347-377-5941","0"
"84","zhenderson@hotmail.com","Courtney","Wells","0114 Short Street
South Jonathan, MN 34505","pbkdf2:sha256:600000$5vjOLoBdgGHfa9PK$87ff53cc8d6ad6564fb3bf692a6e251528127bcb207e03b21e4da698fe3cb62a","001-476-432-7421","0"
"85","salvarado@gmail.com","Cynthia","Padilla","726 Gerald View Apt. 592
Huangstad, SD 81293","pbkdf2:sha256:600000$RNt9taolWNh7ePP1$b63758750164932620c70b5bdec02dc3a59e9df8ea8abf53513d535912b46efd","(796)983-7109","0"
"86","christopherrodriguez@hotmail.com","Katie","Hutchinson","8063 Bryan Motorway Apt. 608
New Johnshire, MN 04558","pbkdf2:sha256:600000$6Hz5YWKQFJAuXzXb$b62842dfda28394d55deb07f0d6df3448cd79f30d60940d9a8ed2eeca159843e","(965)831-6323","0"
"87","stephen01@gmail.com","Amy","Decker","814 Williams Trail Suite 707
Port Jacqueline, UT 81192","pbkdf2:sha256:600000$vnBiSbSmV4jmIALj$55d2212b005772e138b891ea3424b4ee7223207df5175ad57acf76f43f7a8ee5","+1-501-564-3153","0"
"88","rtaylor@gmail.com","Scott","Powell","PSC 2328, Box 9924
APO AP 57978","pbkdf2:sha256:600000$TMTtaogpI7gFeDN7$7f5ea871dbc8ce09058acaef10835204cf3f4922816df95b243aa3b2ae8befbf","432-514-7750","0"
"89","vsalas@hotmail.com","Melinda","Colon","0825 Cindy Key
Port Lisa, MI 71443","pbkdf2:sha256:600000$pbqBOlNmgQ8A845v$64395651877c00bf941185a05586abec2509add3798f91d9c6ebffe2f7fad241","(343)681-4157","0"
"90","vincenthill@gmail.com","James","Robinson","52611 Curtis Tunnel Apt. 385
New Johnview, WI 94140","pbkdf2:sha256:600000$mGvre0yozGLWm6kQ$6eea05e5ee4162db2d4a0fc503c8d5038a7321fc729f65670fc3eb595195c4ec","+1-973-719-5094","0"
"91","clarkcameron@yahoo.com","Kara","Edwards","887 Todd Curve
Olsonstad, TX 80418","pbkdf2:sha256:600000$MJC4j7ijMZp4PlXG$0b817756440e71ca61a283162204afd6cb5fe086cda40fe3e3430a9e306b9bae","4699860952","0"
"92","vicki82@hotmail.com","Christopher","Williams","47087 Riley Junction Suite 684
North Christopherborough, IL 36401","pbkdf2:sha256:600000$sWvagfatwvKfwd9w$2e59ec1f1297bbd995945eadc750058bc49c0fc61fe8fdc27fe0d342270defea","8389105024","0"
"93","erika51@yahoo.com","Gregory","Miller","94259 Brittney Mews Suite 666
Lowehaven, AL 58417","pbkdf2:sha256:600000$7VYcM9KU3qXioShG$71a971db7552ebc986f6154d05c050ae6aa78294ebe19e34bce745e34ec34a25","4667189026","0"
"94","kendra52@gmail.com","Lawrence","Bennett","37583 Theresa Terrace
Rubioville, DC 20141","pbkdf2:sha256:600000$qg5dvfqr8J2t7xPM$99784e7bcf3ec9ec31b5d024d45be7e1f173f394200a3b406c677a78d05ae828","+1-898-362-6704","0"
"95","joshua50@yahoo.com","James","Lane","386 Samuel Roads
West Johnland, AL 59755","pbkdf2:sha256:600000$RTObzZOVhF8jtRqy$82aad41542d81212f7baa4280ceb093f33411071b2ea93f8be7241b72d2bbfd8","8908390213","0"
"96","logandillon@gmail.com","Amber","White","USNV Kelley
FPO AE 75531","pbkdf2:sha256:600000$3nhy4MzJtKnxfD2A$b848a171a3279b93c42f2290ef38889e9b442155b7a2479b0d3148b030abb8a0","457-966-7550","0"
"97","lbush@yahoo.com","Jeffrey","Robles","28036 Benson Branch
Millsview, WY 03428","pbkdf2:sha256:600000$WUHudwS5RS6zOwYJ$3430bec62887414d95eaaa08ccb36be2d6dd5e522c5790f905e536cacbd9c58c","837-805-6162","0"
"98","millsjenna@yahoo.com","Cindy","Mccann","633 William Dale
Bridgetbury, KS 29199","pbkdf2:sha256:600000$XleSVidc4c8edXfs$d0d81c8a7583efa02e4567191801a8e6ed0463d8490fa47303d07e21c38529d3","+1-830-656-6785","0"
"99","medinasarah@hotmail.com","Benjamin","Decker","8768 David Union
South Karen, PR 06494","pbkdf2:sha256:600000$wpQSZlaWfPhULSQk$d3a5f6f06ab950b1db8a2da9ce07288d2e90642ffa03ce9181c1349868f61c76","+1-915-403-7819","0"
