1,grooming
1,pet care
1,fur maintenance
2,entertainment
2,home decor
2,life-sized cutout
3,art
3,quokka art
3,portrait
4,food
4,natural
4,ingredient
5,tool
5,outdoor
5,equipment
6,clothing
6,Clothing
6,fashion
7,Books
7,reading
7,children's book
8,art
8,famous painting
8,quokka version
9,food
9,dip
9,guacamole
10,technology
10,electronics
10,device
11,clothing
11,Clothing
11,fashion
12,home decor
12,interior design
12,cozy
13,kitchen
13,cooking
13,culinary
14,outdoors
14,gardening
14,watering
15,kitchen
15,cooking
15,culinary
16,kitchen
16,coffee
16,quokka-themed
17,home decor
17,interior design
17,cozy
18,kitchen
18,lunch box
18,quokka design
19,home decor
19,lamp
19,quokka-shaped
20,food
20,tea
20,quokka-shaped tea bag
21,food
21,coffee beans
21,premium
22,kitchen
22,cooking
22,pancake pan
23,kitchen
23,glassware
23,margarita glass
24,outdoors
24,water bottle
24,hydration
25,home decor
25,mirror
25,quokka design
26,kitchen
26,baking
26,cookie cutter
27,entertainment
27,zen garden
27,inner peace
28,home
28,blanket
28,quokka pattern
29,home decor
29,photo frame
29,quokka-themed
30,kitchen
30,stencil
30,latte art
31,office
31,pen holder
31,quokka-shaped holder
32,music
32,guitar
32,quokka-themed design
33,outdoors
33,water bottle
33,hydration
34,art
34,prints
34,quokka-themed prints
35,entertainment
35,board game
35,quokka-filled adventure
36,kitchen
36,cooking
36,quesadilla maker
37,science
37,telescope
37,quokka-themed telescope
38,home
38,blanket
38,quokka pattern
39,books
39,bookmark
39,quokka-inspired bookmark
40,food
40,ice cream maker
40,quokka-shaped ice cream treats
41,home
41,pillow
41,quokka-themed
42,stationery
42,pencil case
42,quokka design
43,kitchen
43,placemats
43,quokka-themed
44,entertainment
44,puzzle
44,quokka puzzle
45,outdoors
45,umbrella
45,quokka design
46,office
46,notebook
46,quokka-themed
47,kitchen
47,coffee maker
47,quokka-inspired
48,art
48,poster
48,quokka galaxy
49,clothing
49,robe
49,quokka-themed
50,home
50,coasters
50,quokka-themed
51,office
51,mouse pad
51,quokka touch
52,kitchen
52,cooking
52,quokka design
53,home
53,shower curtain
53,quokka charm
54,stationery
54,sticky notes
54,quokka touch
55,outdoors
55,watering can
55,quokka design
56,office
56,calendar
56,quokka-themed
57,kitchen
57,cooking
57,quokka-shaped quiches
58,stationery
58,erasers
58,quokka-inspired
59,kitchen
59,oven mitts
59,quokka protection
60,technology
60,phone holder
60,quokka flair
61,entertainment
61,puzzle
61,quokka-themed adventure
62,home
62,night light
62,quokka magic
63,office
63,desk organizer
63,quokka charm
64,outdoors
64,water bottle
64,quokka-themed bottle
65,kitchen
65,tablecloth
65,quokka-inspired elegance
66,accessories
66,keychain
66,quokka touch
67,technology
67,game console
67,quokka-themed console
68,kitchen
68,quiche cutter
68,quokka-shaped quiches
69,home
69,throw
69,quokka-themed
70,stationery
70,ruler
70,quokka-themed
71,education
71,globe
71,quokka curiosity
72,stationery
72,magnet set
72,quokka-themed
73,kitchen
73,apron
73,quokka style
74,outdoors
74,watering globe
74,quokka charm
75,entertainment
75,puzzle
75,quokka-themed
76,stationery
76,gel pens
76,quokka-inspired
77,entertainment
77,arcade cabinet
77,quokka-themed
78,kitchen
78,quiche dish
78,quokka-shaped quiches
79,home
79,throw pillow
79,quokka comfort
80,office
80,desk set
80,quokka-themed
81,technology
81,mobile
81,quokka-themed
82,entertainment
82,card game
82,quokka-themed deck
83,accessories
83,tote bag
83,quokka style
84,stationery
84,highlighters
84,quokka markers
85,outdoors
85,watering wand
85,quokka wand
86,science
86,telescope
86,quokka telescope
87,kitchen
87,quiche server
87,serving quiches
88,home
88,wall hanging
88,quokka charm
89,stationery
89,notebook set
89,quokka-themed
90,technology
90,laptop sleeve
90,quokka protection
91,entertainment
91,chess set
91,quokka-themed set
92,science
92,constellation chart
92,quokka wonder
93,stationery
93,sticky tabs
93,quokka-inspired
94,accessories
94,backpack
94,quokka comfort
95,stationery
95,calligraphy set
95,quokka-themed tools
96,outdoors
96,watering system
96,quokka care
97,science
97,observatory
97,quokka observatory
98,Books
98,cookbook
98,quokka-shaped quiches
99,technology
99,laptop bag
99,quokka style
100,stationery
100,planner
100,quokka-themed planner
101,alarm
101,quokka-shaped alarm
101,furry alarm
102,avocado dip
102,guacamole
102,Quokka brand guacamole
103,game of whack-a-mole
103,6ft tall game machine
103,quokka-themed arcade
104,shoes
104,sandals
104,holey sandals
105,accessories
105,bag
105,quokka-themed bag
106,
106,accessories
106,hat
107,mugs
107,plushie
107,quokka-themed mug
108,clothing
108,socks
108,quokka-themed socks
109,mugs
109,quokka-themed mug
109,quokka lifestyle
110,mugs
110,quokka-themed mug
110,quokka enthusiasts
111,home
111,pillow
111,quokka-themed pillow
112,stationery
112,sticker
112,quokka-themed sticker
113,accessories
113,bag
113,quokka lifestyle
114,stationery
114,sticker
114,quokka magic
115,art
115,poster
115,quokka magic
116,accessories
116,bag
116,quokka-themed bag
117,clothing
117,t-shirt
117,quokka-themed t-shirt
118,clothing
118,socks
118,quokka lifestyle
119,clothing
119,t-shirt
119,quokka-themed t-shirt
120,mugs
120,mug
120,quokka magic
122,art
122,poster
122,quokka-themed poster
123,accessories
123,hat
123,limited edition hat
124,accessories
124,hat
124,quokka-approved hat
125,clothing
125,t-shirt
125,quokka-themed t-shirt
126,home
126,pillow
126,quokka-themed pillow
127,clothing
127,t-shirt
127,quokka-themed t-shirt
128,accessories
128,keychain
128,quokka-themed keychain
129,accessories
129,keychain
129,quokka-themed keychain
130,stationery
130,sticker
130,quokka-approved sticker
131,kitchen
131,mug
131,quokka-themed mug
132,stationery
132,sticker
132,quokka-themed sticker
133,art
133,poster
133,quokka-approved poster
134,accessories
134,hat
134,quokka-themed hat
135,accessories
135,bag
135,quokka-themed bag
136,clothing
136,socks
136,quokka-themed socks
137,clothing
137,socks
137,quokka-themed socks
138,accessories
138,hat
138,quokka-themed hat
139,stationery
139,notebook
139,quokka-approved notebook
140,accessories
140,hat
140,quokka-themed hat
141,art
141,poster
141,limited edition poster
142,accessories
142,hat
142,quokka-themed hat
143,accessories
143,bag
143,quokka-themed bag
144,accessories
144,keychain
144,quokka-themed keychain
145,accessories
145,bag
145,quokka-themed bag
146,accessories
146,keychain
146,plushie
147,accessories
147,keychain
147,quokka-themed keychain
148,stationery
148,sticker
148,quokka-themed sticker
149,kitchen
149,mug
149,quokka-themed mug
150,stationery
150,sticker
150,quokka-themed sticker
151,kitchen
151,mug
151,quokka-themed mug
152,home
152,pillow
152,quokka-themed pillow
153,accessories
153,hat
153,quokka-themed hat
154,accessories
154,bag
154,quokka-themed bag
155,art
155,poster
155,quokka-themed poster
156,stationery
156,notebook
156,quokka-themed notebook
157,clothing
157,t-shirt
157,quokka-themed t-shirt
158,home
158,pillow
158,quokka-themed pillow
159,clothing
159,t-shirt
159,quokka-themed t-shirt
160,kitchen
160,mug
160,quokka-themed mug
161,accessories
161,keychain
161,quokka-themed keychain
162,accessories
162,hat
162,quokka-themed hat
163,stationery
163,notebook
163,quokka-themed notebook
164,kitchen
164,mug
164,quokka-themed mug
165,kitchen
165,mug
165,quokka-themed mug
166,clothing
166,t-shirt
166,quokka-themed t-shirt
167,stationery
167,notebook
167,quokka-themed notebook
168,stationery
168,sticker
168,quokka-themed sticker
169,art
169,poster
169,quokka-themed poster
170,home
170,pillow
170,quokka-themed pillow
171,accessories
171,hat
171,quokka-themed hat
172,clothing
172,t-shirt
172,quokka-themed t-shirt
173,clothing
173,t-shirt
173,limited edition t-shirt
174,stationery
174,limited edition notebook
174,celebrate quokkas
175,accessories
175,hat
175,quokka-themed hat
176,clothing
176,socks
176,quokka-themed socks
177,stationery
177,notebook
177,quokka-themed notebook
178, keychain
178,quokka-themed keychain
178,quokka favorite
179,clothing
179,socks
179,quokka-themed socks
180,accessories
180,keychain
180,quokka-themed keychain
181,accessories
181,keychain
181,quokka-themed keychain
182,home
182,pillow
182,quokka-themed pillow
183,stationery
183,sticker
183,limited edition sticker
184,clothing
184,t-shirt
184,quokka-themed t-shirt
185,art
185,poster
185,quokka-themed poster
186,kitchen
186,mug
186,quokka-themed mug
187,art
187,poster
187,quokka-themed poster
188,clothing
188,socks
188,quokka-themed socks
189,clothing
189,socks
189,quokka-themed socks
190,stationery
190,sticker
190,quokka-themed sticker
191,art
191,poster
191,quokka-themed poster
192,art
192,poster
192,quokka-themed poster
193,stationery
193,notebook
193,quokka-themed notebook
194,art
194,poster
194,quokka-themed poster
195,clothing
195,socks
195,limited edition socks
196,stationery
196,notebook
196,quokka-themed notebook
197,home
197,pillow
197,quokka-themed pillow
198,accessories
198,keychain
198,quokka-themed keychain
199,clothing
199,socks
199,quokka-themed socks
200,stationery
200,notebook
200,quokka-themed notebook
201," this poster is a must-have."""
201,art
201,poster
202,kitchen
202,mug
202,quokka-themed mug
203,accessories
203,hat
203,quokka-themed hat
204,accessories
204,hat
204,quokka-themed hat
205,accessories
205,bag
205,quokka-themed bag
206," this keychain is a must-have."""
206,accessories
206,keychain
207,art
207,poster
207,quokka-themed poster
208," this t-shirt is a must-have."""
208,clothing
208,t-shirt
209,stationery
209,sticker
209,quokka-themed sticker
210,home
210,pillow
210,limited edition pillow
211,stationery
211,sticker
211,the Quokka way
212," this sticker is a must-have."""
212,stationery
212,sticker
213,accessories
213,keychain
213,quokka-themed keychain
214,clothing
214,socks
214,cuddly quokka
215,clothing
215,t-shirt
215,cuddly quokka
216," this pillow is a must-have."""
216,home
216,pillow
217,accessories
217,keychain
217,quokka-themed keychain
218,accessories
218,bag
218,quokka-themed bag
219,accessories
219,hat
219,quokka-themed hat
220,home
220,pillow
220,quokka-themed pillow
221,kitchen
221,mug
221,limited edition mug
222," this notebook is a must-have."""
222,stationery
222,notebook
223,kitchen
223,mug
223,quokka-themed mug
224,stationery
224,sticker
224,quokka-themed sticker
225,accessories
225,keychain
225,the Quokka way
226,accessories
226,bag
226,quokka-themed bag
227,stationery
227,notebook
227,quokka-themed notebook
228,home
228,pillow
228,the Quokka way
229,stationery
229,sticker
229,quokka-themed sticker
230,stationery
230,notebook
230,quokka-themed notebook
231,clothing
231,socks
231,quokka-themed socks
232," this bag is a must-have."""
232,accessories
232,bag
233,clothing
233,t-shirt
233,quokka-themed t-shirt
234,home
234,pillow
234,quokka magic
235," this mug is a must-have."""
235,kitchen
235,mug
236,accessories
236,hat
236,quokka-themed hat
237," and so will you!"""
237,accessories
237,bag
238,home
238,poster
238,quokka-themed poster
239,clothing
239,socks
239,quokka-themed socks
240," and so will you!"""
240,home
240,pillow
241,accessories
241,bag
241,cuddly quokka
242,stationery
242,notebook
242,combo
243,home
243,pillow
243,quokka-themed pillow
244," this socks is a must-have."""
244,clothing
244,socks
245,accessories
245,keychain
245,limited edition keychain
246,home
246,poster
246,quokka-themed poster
247,clothing
247,socks
247,inspired by quokkas
248,stationery
248,notebook
248,quokka-themed notebook
249,clothing
249,t-shirt
249,inspired by quokkas
250,clothing
250,t-shirt
250,quokka-themed t-shirt
251,accessories
251,bag
251,limited edition bag
252,stationery
252,sticker
252,adventure
253,stationery
253,notebook
253,quokka lover
