"0","tamaramorrison@hotmail.com","Gary","Cross","711 Golden Overpass West Andreaville, OH 44115","pbkdf2:sha256:600000$SON7kTAuYms0hK58$c9df8f2643e222b84e0099c9cbfdadf905139516de2de593b056607b801efbc5","4651141799","0"
"1","woodtina@gmail.com","Denise","Thornton","30989 Anthony Roads New Maria, DE 51777","pbkdf2:sha256:600000$JjkkrkMRXfW48IOg$ce9a5e83eb1e0b842cf92390ad7294c40867e9d2c8c1490f2d7014c5613c8d9d","9133521229","0"
"2","rogersbrandon@yahoo.com","Christina","Saunders","207 Mccullough Well Suite 564 New Hannah, NH 97700","pbkdf2:sha256:600000$A5kPsgC7Zfpc0z1Z$fa3293a460028362690d3805c81eee884aaaca1e0bc10a88e4042de034ae9e6d","1634232056","0"
"3","davidbanks@yahoo.com","Kathleen","Collins","206 Stewart Forest Lake Karenhaven, RI 13317","pbkdf2:sha256:600000$kSj4VstDbiCVEUtN$947f4ef4b7b647173bc4cbe9dc13e0a60bcf4e30e115005c28e41eef2403d288","2398815058","0"
"4","samanthasims@yahoo.com","Timothy","Parker","87755 Timothy Squares Simmonsport, MA 96806","pbkdf2:sha256:600000$c1KuKq92ojmn1UrE$604a55137430bf943bdae42dc276eb5218e1c3b4d2f2188ae3b7d0d79849af6d","5716261680","0"
"5","amyvelazquez@gmail.com","Dr.","DDS","Unit 7296 Box 6875 DPO AA 65859","pbkdf2:sha256:600000$i4alcOutq4URnrdB$a7d21c3a5bf80b5131a3b4ee618080a23107a62a924df8dce7b4e680ad758100","6496686873","0"
"6","dpatrick@gmail.com","John","Gibbs","024 Cook Park Sherriport, WI 53987","pbkdf2:sha256:600000$UPmNZu7636u77ddW$9df286a675e45163813408b16694c6e6e318ad1e74a893f3138eac13172164a2","7834419108","0"
"7","huberrachel@gmail.com","Julie","Chen","4183 Kimberly Mills Katherinemouth, MI 83340","pbkdf2:sha256:600000$pHgm435aEeSPtYpk$dd13776f4bc51f03a3e27aae950483d6ecbf2709f75c74acfd29da1bcd694e43","3757622376","0"
"8","karicarter@yahoo.com","Ashley","Cooper","8529 Curtis Prairie Suite 262 Port Jeffrey, NY 32330","pbkdf2:sha256:600000$Fy1Nrp7aMh8LrVHk$e27ed3bcafa03aa25324d10acbb7334c6eb7966e9ddbb7b5a85e8922147fb9d6","7179895027","0"
"9","bramirez@gmail.com","Christina","Smith","489 Roger Terrace Davisfort, WV 30957","pbkdf2:sha256:600000$HyH19QG0RZZkhDLY$29242e76f787f7e72e22ae564860dcca9295f2d81e3b016451498d05484ca440","6785739633","0"
"10","mcdanielchristopher@hotmail.com","Leslie","Taylor","857 Scott Divide Suite 093 West Thomastown, PR 69553","pbkdf2:sha256:600000$rbyXTBUIQ8B33kJH$641d1aeb262b287476b89d2b4508d4058bacbd6c4dcf55f510f89aca1784889d","3715580849","0"
"11","fcarpenter@yahoo.com","Amanda","Schultz","491 Wise Knoll Ellishaven, TN 85502","pbkdf2:sha256:600000$g6FenyXMk7genCIS$ecc02123d31724de1e44c11ebf7cb3efd50823b412fbc939f440a965c3d9638d","4253801324","0"
"12","nhenson@yahoo.com","Kristen","Smith","PSC 6777, Box 1113 APO AE 20659","pbkdf2:sha256:600000$BgzPTiuOUmSsIRAC$e3255c2bd21f054b6b0e73db3eab06df197a3eb8230b4dc99e7f0a7d7ed576df","4079276480","0"
"13","taylorjamie@yahoo.com","Mitchell","Payne","57492 Lisa Plaza Suite 590 South Eric, HI 67409","pbkdf2:sha256:600000$te7Wenw7kshtxbvL$6eb9ee4ae885b3b31f2ceec3892d4de7960b72fd22f63e5f6e10c48f4d0dc358","3439054031","0"
"14","areyes@yahoo.com","Katherine","Brown","56237 Thomas Inlet Lake Mark, WY 98452","pbkdf2:sha256:600000$jan8dJa5euydVZ4A$cbeed387d56c8f4d431ace3ed6068dd00126ad6a7c820974380a0674208b80d8","9570430173","0"
"15","zmorgan@yahoo.com","Jessica","Hancock","5600 Davis Highway South Joel, MI 21771","pbkdf2:sha256:600000$grFrcpw7NJjKHajm$fddf27d1e05516df195f009cfbe92b96ab8fca5ff6a1e2bbf396133041dc7e89","2751877994","0"
"16","rfischer@yahoo.com","Gloria","Smith","931 Ramirez Village Apt. 821 New Daniel, NY 83355","pbkdf2:sha256:600000$fhGhw44PTG3UzNdD$5e6ac9a2cafafd8f8cca269fd7639348a54e550ed6740f0943b31d19c0ec4b8d","3390500166","0"
"17","vasquezkathryn@gmail.com","Miguel","Shields","PSC 6644, Box 6595 APO AE 40742","pbkdf2:sha256:600000$JiKnFYdQvaDXOCfU$c97f23dddb79074c886e630f81140469fda71e3f9bf5baf5beff361c1de5b5e7","9765530064","0"
"18","kimberly87@gmail.com","Kyle","Powell","080 Herring Key Apt. 182 Jamesview, MD 92304","pbkdf2:sha256:600000$mBxZIy17b6fBvBQs$e72ea40e814f8aac333f4c40ed38a08d18e826f7f32eea83c3a080af648dc265","8455819771","0"
"19","wbrown@hotmail.com","William","Hensley","59306 Holly Underpass Buckburgh, MI 10648","pbkdf2:sha256:600000$QdcAeFcKnUyPHtYS$8fcd91f4f321694991836aea10c4599b5e1f7d695cecc8c78e06f661406b5faa","3069249493","0"
"20","pwilliams@hotmail.com","Brett","Donaldson","65282 Greg Estate New Mark, AK 63797","pbkdf2:sha256:600000$VxTgsLzQfF4Y2Xge$87f589bcde7d98258805a2181df9f1d2b5edec86dd247b89f99662f4d83ceb78","2534218678","0"
"21","houstonwhitney@hotmail.com","Thomas","Cook","26951 Huang Gardens Suite 636 Lake Timothy, PW 76703","pbkdf2:sha256:600000$i5esflfpbovFS0Xs$b177e395b54b279204b065888b6672cdbd2d9006de1607514b147d9540fd9d92","8857346201","0"
"22","pford@hotmail.com","Tina","Thompson","646 Michael Curve New Michaeltown, NE 76089","pbkdf2:sha256:600000$6wfnxDOOdWQTXnMj$139ff090e47ed53074b9f2503f5f608e152d02daacb9d057c63136c3e932cd14","2351981038","0"
"23","elizabeth32@hotmail.com","Lauren","Walters","9261 Alex Lake Floresmouth, MN 77080","pbkdf2:sha256:600000$vLIy7wbUXoGN1VUo$c13c059589185a6aab4da9a3389293f6e0bbffe004cca366268cc114277c7a69","1368901552","0"
"24","nancy51@hotmail.com","Troy","Hawkins","02983 Antonio Lodge Kleinville, NJ 73841","pbkdf2:sha256:600000$7EYTtqvlvBF6idVU$bf025ac45f57566c56db62f8c7a178a9f617dda4ccb065dd0bc9aba3b1cd8701","8957988948","0"
"25","danielrobles@yahoo.com","William","Bray","017 Long Forks Suite 090 Davisborough, VA 43336","pbkdf2:sha256:600000$cgU9yy5JWtlGRvy0$f36f4c0d3bfb8255dd2d2046763eccc68e1ed9f5e62a9f1bf4039500dc3457cf","3545203239","0"
"26","griffinpamela@hotmail.com","Melissa","Wells","4619 Wilkins Wall South John, NJ 54277","pbkdf2:sha256:600000$tDwHoR5haQDo1LO0$a72311308ad4470377bc9baabe8dcdb39c5c0132bd2a608dc95321be767c4b05","4504922467","0"
"27","qmyers@yahoo.com","Amy","Sanchez","Unit 8645 Box 7325 DPO AP 47232","pbkdf2:sha256:600000$WGIpsfRdEz5cLMcJ$234d9107d9e2efadbf89f8d65700950535754d5c8c1619f0df43d0de74272020","7640360689","0"
"28","jeremy94@gmail.com","Joshua","Jones","1039 Brianna Passage Suite 274 New Sergiobury, MS 50840","pbkdf2:sha256:600000$hHo68jsrt3TZtzZN$26d4efb9eced80b1b7e3abe7d371d584226637a5fd1960d8b30e3f2cfe116726","6221500911","0"
"29","wendysteele@gmail.com","Zachary","Garcia","192 Johnson Ville West Colin, MP 93220","pbkdf2:sha256:600000$a3BECiZhokOo8xY3$29f8d4d323fd74b15b114560439700e4608808ece3b2b74e154548c933dcea0d","4029905251","0"
"30","hartmanrobert@hotmail.com","Kim","Ortiz","64000 Jones Shore Suite 584 Port Jeanettehaven, DC 34523","pbkdf2:sha256:600000$BlUIMUXAZz2sh6h5$49fa26f8bb537779b8d43163fac8131a9fffed5917a90d226ed88b812dac161c","6236966343","0"
"31","martinezchristopher@gmail.com","Kristin","Ibarra","730 Jackson Parkways Lewisside, NC 65143","pbkdf2:sha256:600000$txYs7kf5UseA8a6D$7e6ddf26a987d058130fbb03c52d34e330384d64878576ea9f09f271cdef9284","2132087563","0"
"32","qstark@yahoo.com","Eric","Taylor","9684 Jacob Forge Suite 828 Port Carla, WV 70196","pbkdf2:sha256:600000$yW6r2egtcnrEOTmI$7aca7dbb261fd38ad31f4e987960892358d47e5cae4ac9e122ed012fa2190f71","9584226188","0"
"33","waynebarnes@yahoo.com","Daniel","Mccall","986 Rebecca Center Merrittton, SD 85388","pbkdf2:sha256:600000$TGwUzldDez35P9Dn$8604c49eb38a88618038495f57c88505ba0f83c3ce83ea8a854a3ef8ae83ca2d","4033513572","0"
"34","vschneider@gmail.com","Brian","Kelly","Unit 2166 Box 7052 DPO AE 92631","pbkdf2:sha256:600000$zSZr2HvfyU7vUNS9$f054617848bf03f572b5910e950c7f1a9e5e658da7024037fbbe3a3a7cd582f0","4619921406","0"
"35","ostone@gmail.com","Abigail","Hoover","7577 Christopher Mill Frankside, NJ 72758","pbkdf2:sha256:600000$ZwBYkEG37ejZZBdx$7be398861c2135640611e08d15f273953d93cdb3af26c3956d58b151964f0ce3","2765471862","0"
"36","blewis@hotmail.com","Ashley","Williams","6037 Vega Vista Apt. 078 Port Paul, LA 90278","pbkdf2:sha256:600000$0sYZ61Ri0Tncovvl$1aa7c3d287e285d750e4cacef90ea72ce2e7f0cfdcf6c50be1dfa2cdaaadc3fd","2722134250","0"
"37","hbrown@gmail.com","Edward","Hill","39287 John Heights Barnesmouth, PR 88806","pbkdf2:sha256:600000$jMfKZzkKJddNw72y$b0aa9c84e6ae4cfaf35632d123bc4f205cc364691494ca4b14dec285e24aab0a","4164128081","0"
"38","joylowe@yahoo.com","Chad","Bridges","8724 Rachel Squares Latoyabury, AL 19300","pbkdf2:sha256:600000$4e7bXfcL1HV4u0I9$f1bec432eb1fc2d7450605cd5707596fb56b2b52670642510285ddfbb9fa4b38","7064396808","0"
"39","sandygarcia@gmail.com","Dalton","Fritz","33319 Russell Village New James, NM 12409","pbkdf2:sha256:600000$izjGj56GXlOya81w$879024325624b64ad3ce432f5b9002a736d5ae93a0328752965eea2c0b30538a","9538331351","0"
"40","nbaker@gmail.com","Erica","Vega","666 Douglas Club Suite 283 Bellshire, FL 75555","pbkdf2:sha256:600000$hcsyaAxIWHxMzup7$f7ae28da6e27de32fe20792643918c38ec6e9ec89a813571c8b383108d149c7b","2233685128","0"
"41","jenniferbaldwin@hotmail.com","Dawn","Russell","238 Shawn Well Port Johnshire, NC 72291","pbkdf2:sha256:600000$cyy4TmaMQF91Q71d$3bc145639d939d10ac1e8e86c4a56b97239dd6c188dc2f64223c2d783d4fae94","1770394163","0"
"42","codyherring@hotmail.com","Erica","Le","57725 Sweeney Lodge Brandyland, OH 59854","pbkdf2:sha256:600000$DaCcsxcouttCaCEd$a0dc2974210e0ba84ddd87b595af2d32d35e496954d124cf33a52a7863d22231","1876169567","0"
"43","tgilmore@yahoo.com","Kenneth","Castro","46379 Lopez Route Apt. 969 West Michael, MD 62485","pbkdf2:sha256:600000$ZK191MYS2CcN1lfF$865e3234ca374d86e193edd1b8484ad14f264f762388137ad81ded25f0860c6c","2798088858","0"
"44","justinbonilla@hotmail.com","Daniel","Patterson","94678 Brown Camp West Nicholaschester, MS 85041","pbkdf2:sha256:600000$x4JqtA0P75t8qPRp$d18f4a5a19d8e050af091202aa0363265eeb51656281d04c159133b363fe496f","8621636903","0"
"45","webereric@hotmail.com","Douglas","Yates","04374 Nicholas Cliff Suite 001 Adrianport, AR 00654","pbkdf2:sha256:600000$0uInKacblLAAAniE$6d0d88ee991fc4db57f2359959b31a03b9da956a46c8fbdf7551c306391f2d11","5432909194","0"
"46","denisetaylor@gmail.com","David","Steele","Unit 4585 Box 0002 DPO AA 97569","pbkdf2:sha256:600000$T3p6EIWUHP442MpU$6d70e7c2165312b130614e206d5df8e5e3788d3cf41843bf700f12a80f96ac64","1501107256","0"
"47","jyoung@gmail.com","Christopher","Green","24581 Tyler Well Apt. 640 Adamburgh, MA 23043","pbkdf2:sha256:600000$bdXlHTf7H8tnXAJL$ecbc9a25261a9c3b2cae33ab7d3cfed79ddc596215ef386505c201cd2669a03f","2916618066","0"
"48","upeters@hotmail.com","Maria","Valentine","68140 Trevor Valleys Vaughanstad, OH 62334","pbkdf2:sha256:600000$b4kfNmr0ZHUANEUS$b1bc178d2d6b36ee4bbf30c1cfc0c9e48bb60d3ae58a3dabe245681f03680658","7577371402","0"
"49","torreskyle@hotmail.com","Beverly","Taylor","98027 Anna Common Suite 527 Bradville, FM 13697","pbkdf2:sha256:600000$sP6WEqS1bqNYXjoO$3e94d4c3e760e52191215fdcfbdc97ee2039f8b6ef05a91c068d7234266c08ce","4129215748","0"
"50","christopher91@gmail.com","Kristin","Alvarez","61677 Jasmine Centers East Crystalfurt, PA 12810","pbkdf2:sha256:600000$mvVrOOVF7j9pPMwm$69b5579fed7ecb1acfe9d830f173c4da47d7a6e3d65a01f2bacff69a284262b2","3628495630","0"
"51","yolandabraun@gmail.com","Scott","Lawrence","99243 Larry Extensions Apt. 078 Bergmouth, PA 44788","pbkdf2:sha256:600000$mLPWQdwcAWikYhDJ$99681fa7fac322efaaec67a638685fa536115ad2477b31444f8c4f3e020f583b","8381332838","0"
"52","olsonjohn@gmail.com","Perry","Jr.","73293 Molly Groves New Melissa, TN 64065","pbkdf2:sha256:600000$yuGaupf2SCIMMIYv$6f1b922d420cc58f35b6678e5c66a49d68965e958e1bfb136678b288eacf2ede","1400329423","0"
"53","erin71@yahoo.com","David","Rivera","3605 Jackson Corners Suite 709 Port Donald, OH 74865","pbkdf2:sha256:600000$DaQiMiusVseTLAdL$9db47246177036b5e44a6f754771a5df1f2defefa5a6702e74187f34275636a5","6859258383","0"
"54","kelly22@hotmail.com","Shannon","Rivera","7637 Aimee Ranch Rittermouth, IL 74257","pbkdf2:sha256:600000$3ykGLCrU48oNcqBw$9ace7a32a1683fea6a3dc2a90c14cc3b2ad4fed8e7169a50228ba252b5212985","4055415358","0"
"55","beverlysmith@yahoo.com","Katherine","Smith","499 Edward Vista New Matthewport, MH 72138","pbkdf2:sha256:600000$lwPjQUZoW3v02prz$382d98be0eafacf6584f2e9799d7a214fe233d7866847ae7405d700051a632ae","6759296299","0"
"56","ktucker@hotmail.com","Elaine","Morris","61972 Floyd Lodge Suite 287 Samanthahaven, IN 28789","pbkdf2:sha256:600000$wTIFnumkILmqYtkH$de12821059fbbe6e682380b3440d3271cbcaada6c5693c5c2673e761d488dc5a","4759972152","0"
"57","gordon43@hotmail.com","Wayne","Reed","143 Doyle Cove Suite 852 Port David, VA 97386","pbkdf2:sha256:600000$x6PsevKmeYjNy8aU$f311ced665140015364e8fed876a7f53acedb368987b466a1152d189548407a0","5970675000","0"
"58","kennethwashington@gmail.com","Jennifer","Marsh","41694 Ashlee Lodge Suite 853 East Denise, CT 15792","pbkdf2:sha256:600000$AJd15sue8jUdyyR3$f58f75ea15ffec8ef2408df372d814edf1757aca610bb05bd4e697f0c5facb7e","1329085989","0"
"59","zharris@hotmail.com","Richard","Haynes","4547 Matthew Islands Port Michael, MN 47480","pbkdf2:sha256:600000$cahJAOWeBWtOCH3u$6a01d92fdf814f4cd11dbe97474432456b009a46504899471d2a4b2053dc3973","7857598526","0"
"60","davidlewis@gmail.com","Sean","Jackson","4495 Duke Trafficway Archerhaven, GU 07048","pbkdf2:sha256:600000$9g2OsOXv1bXe7WLT$289071d4a333b7a2ffd288052430f659ebc40284face7fc3962f24b8428ab359","8421133282","0"
"61","joshuakent@yahoo.com","Billy","Graham","390 Andrew Summit Rodrigueztown, NM 97594","pbkdf2:sha256:600000$cGifP0XPeZhIhWA9$3132a104a3b9bc663c6dbc60f030c910aec55743806beec039f3a372c6786c40","5347629424","0"
"62","tammy10@yahoo.com","Christopher","Mitchell","515 Lindsey Village Apt. 594 Travismouth, GA 32478","pbkdf2:sha256:600000$Ind8soqjVd5aAIQ5$f70778ac50f66477e9a841c1728677db6058945c6788c056bf02474dbf97c275","6265436768","0"
"63","christianhernandez@gmail.com","Jeffrey","Griffin","436 Brian Trafficway Apt. 295 North Bob, ND 21817","pbkdf2:sha256:600000$Z5OgqrpRmMPutQoO$54cfe8e1f64c19e2d9b1c7a81cc1b816c602ca44e392ad21e02416271aa603bd","3623552185","0"
"64","randallwendy@yahoo.com","Chase","Foley","5263 Eric Mount Suite 930 Derekmouth, MT 74898","pbkdf2:sha256:600000$rxxRkmED1p6Jroga$e4a6b5515ae4c2fa411b0211b6a8b301bc1ddab4e6c5d6975ff4c13fe9275f9a","1239266442","0"
"65","heathercrawford@yahoo.com","Matthew","Cisneros","96654 Kelly Parks Randybury, WY 61048","pbkdf2:sha256:600000$GUljbidIXSf6IIUs$04cc7d113785a8610675836b47c0059ba26a133831577f8b91a646c26d2ee663","5549609513","0"
"66","pauldiaz@gmail.com","Tyler","Pace","931 Henderson Shores Apt. 948 Pamelaberg, AZ 01714","pbkdf2:sha256:600000$bPadr6M1Ct4wccQ7$914bbdaaf4b9ecb4bf17c3768a903a39cf08d7fe6acebb524bee21cf6cbcbfeb","7781752096","0"
"67","victorlewis@gmail.com","Matthew","Beltran","84638 Lisa Ridges Melissamouth, KS 67260","pbkdf2:sha256:600000$6q1fHLWWOKGPg9ca$049ee1564343bc04fc62b5acc1b7738c2d93ef2c26b28b80f7d0d7c6db961bc8","4057635527","0"
"68","armstrongcolleen@gmail.com","Sandra","Powell","39594 Kevin Ways Apt. 634 Andrewton, NE 96331","pbkdf2:sha256:600000$WyI7cJOLb7lwq1mr$57e045d3a5ec306ff1dd1589febf523196433d41cf38df9b14b044f08ec9cd67","4803520006","0"
"69","mwade@hotmail.com","Matthew","Jones","4938 Andrea Square Suite 279 North Natalie, MS 76915","pbkdf2:sha256:600000$JpH8ufIWZcsN5yB7$467f05034f34da75869342d0fa80ac1a7bd1c7f8f924ebd9d23ce5b2853b1ece","5974430638","0"
"70","kristinperry@yahoo.com","Jacob","Roy","Unit 1844 Box 0663 DPO AE 79652","pbkdf2:sha256:600000$oBOKKAzYMUy51uJ0$2916f53953654ddfe828662acf65b455f3f9a374de4df3dfc03fa0f3a898afe2","7058013465","0"
"71","cbrown@yahoo.com","Shannon","Boyd","USCGC Le FPO AE 34436","pbkdf2:sha256:600000$z3RSD2F0d1xlWpAU$906258d7ec120e6046660893fa3a84b2df3d6fe81bb425ebbc0c4b60abe46ea4","7289284344","0"
"72","patricklopez@hotmail.com","Jessica","Wilson","554 April Circles Suite 196 Tylerville, VA 60222","pbkdf2:sha256:600000$77S95htaEdVOjQj7$0e4721538f52812fe4ed2d047d5f818a4cc32aad8ef505caff65ebf4a0e2570e","7355051803","0"
"73","osanders@gmail.com","Keith","Ramsey","5383 Kimberly Tunnel Apt. 342 South Jesse, CO 30873","pbkdf2:sha256:600000$y6WnW8QHButHEYxg$81c8ef874c372bac677496b7a5979e31854d6137ce2b03e9847b9bc9713c3c38","9376894760","0"
"74","sharon91@hotmail.com","Lori","Dominguez","376 Eric Highway Suite 690 Jonesport, VA 61698","pbkdf2:sha256:600000$CBkTNyg3PceTANbB$a6e33545f0318d03f42e62dfeacdd564eac7e3c48108c12608ab8f9265a0503e","7375607999","0"
"75","privera@gmail.com","Patricia","Pearson","27901 John Drive Suite 233 New Dominique, AR 59360","pbkdf2:sha256:600000$GzVQXuvrLf8gzh9z$904ad6ed4cb5f9b7e4c5e7d6a4279c864b5c612971202cbbcc48d0f47ccdbc41","2060374655","0"
"76","brian64@yahoo.com","Alan","Pineda","4701 Hall Groves East Amystad, MN 35533","pbkdf2:sha256:600000$Exq7RY98IWMsuzSL$aa9dcb50f33fbef2481dcdf78e46e118d1e6598afeb770d827d1cfe33c220e47","2237927972","0"
"77","diazfrank@yahoo.com","Jamie","Clark","USS Bullock FPO AE 79810","pbkdf2:sha256:600000$4V4grPHb93vIpUkO$1d9bd40e563224a81665af366754e594842b03acc2e482b55b168d67d792b046","5293061483","0"
"78","qferrell@hotmail.com","Tracey","Bartlett","9052 Miller Shores Knappberg, TN 60227","pbkdf2:sha256:600000$2IIr3GDuBcNXpYpw$ea698a5bc39cb7d54d9b71f73a33b55638cd1f067a49d8121edfc7d9f6be3f54","7371362637","0"
"79","patrick19@yahoo.com","John","Coleman","3990 Terri Tunnel Suite 324 South Monica, RI 14378","pbkdf2:sha256:600000$aIngPMKcOp40hMEk$e55389ae14e9cb7a04c51ad5d9c4888c887c7e4b97c6cdd085c0a997dc237539","9398116186","0"
"80","derek56@hotmail.com","Edward","Ochoa","9104 Hardy Flat Lake Melanie, TX 45172","pbkdf2:sha256:600000$lE86PEMFciIzqsOy$dcbe7d9392fee9f88f188383f3d311e6272df101e7a0201c7105747cc62f8939","8935649805","0"
"81","jacob95@gmail.com","Sheri","Jennings","72890 Wright Groves Apt. 423 South Jodi, IA 35989","pbkdf2:sha256:600000$864DnPWBBGamQWAu$7dcaf78c5fea9a439d03c11c072f0670cfd972678c48b719e16736c26db0aa3f","8671750374","0"
"82","ppatel@gmail.com","Deanna","Holt","189 Johnson Flats Suite 066 North Tiffany, VI 44671","pbkdf2:sha256:600000$e9D5ZajJ0QVz1uuq$626360b5601c783ddc2c574cd0ccb0b850d40b72ea29d684918ba23e5c1f6392","2206863930","0"
"83","nicholasmorgan@hotmail.com","Larry","Palmer","58718 Camacho Cove Suite 092 Elizabethburgh, MA 63093","pbkdf2:sha256:600000$fWueqwCBHCmTTXQo$0f82f667da11a14634791bcce65118f1f88927fc5b97fc8951493266b4ec5852","6376460368","0"
"84","dwells@hotmail.com","Kristina","Higgins","824 Roberson Port Apt. 542 Martinborough, IA 17119","pbkdf2:sha256:600000$pytmoF0vAt9mmCke$2dacc1b530e8383f18b51e8fbff49561960d7a0e24f7384f13930ebd656e670b","3518359198","0"
"85","amyporter@yahoo.com","Shawn","Matthews","46432 Gina Route West Johnny, AR 14522","pbkdf2:sha256:600000$5K21PcwT0lsSD9Nm$67fc35457aa31d6ca0f5b24141af1f310dff4a226e71b69f198f1e24c08ab15f","4051889059","0"
"86","lindseylynch@hotmail.com","Leslie","Pugh","070 Christopher Glens Jessicaland, GU 10999","pbkdf2:sha256:600000$Fl0WLwLKxaF7NDS0$c5a1fb3ea95612a93aa39d17dac68131c2ed1e30bc65c1e35c2e7eb4da408aa2","2674275929","0"
"87","lcollins@gmail.com","James","Rodriguez","5877 Clark Plains Sweeneyville, WA 28933","pbkdf2:sha256:600000$c046tqmE8gAa2eZ1$280ac05714e9e71196472c87d954bccffc044b082b5a69e74c320fd1cd9b62f0","5236630014","0"
"88","john71@hotmail.com","George","Butler","57715 Harper Street Barryborough, NC 38824","pbkdf2:sha256:600000$uEssxo43uMsmEdhx$807aa9e89fbc246a44476676fd609fba6e7c055efcf1039a7417b932f7debf9f","7526029902","0"
"89","deborah72@hotmail.com","Shawn","Gregory","747 Lee Ford Apt. 772 Port Russell, KY 29064","pbkdf2:sha256:600000$llHbqPDC9OSfGSZ2$f07a14c6c310579a48a9dfa507d3026b80d5701b39e0bb27608a211d961138a4","6257559831","0"
"90","irwinwyatt@gmail.com","David","DDS","0122 Hill Crossroad Apt. 255 Port Stephanie, IA 77834","pbkdf2:sha256:600000$BrI7Z2n8m8lLuAT1$a480c4e0d30487c1e8743f650588f8a19dca639f21a9ef97326f54275448297e","3857707884","0"
"91","pbrown@yahoo.com","Mark","Chapman","89530 Anita Shoals Ronaldport, MP 42703","pbkdf2:sha256:600000$Tt3IwUaNw4Uk1g98$718cd3d646dc7ec9a8ddb12852701e579845561d46ad790248da4c4b37b9090c","8600816773","0"
"92","elizabethyang@gmail.com","Savannah","Miller","300 Salazar Square Apt. 339 Boyerhaven, VI 23452","pbkdf2:sha256:600000$uYax2fHfqGk6AVhq$a17dfc4629bb3167045b3f7147b692f1eae04f0d3d71d7e861a390787c9362f7","6301389570","0"
"93","zwilson@hotmail.com","Matthew","Doyle","820 Andre Drives Apt. 590 New Alexandraberg, KS 43913","pbkdf2:sha256:600000$g0PjWoz2teUldzYx$47b3403e7c6ff8352894ff008de38827b90b2028d2148817a4de5c0a28040a2f","3776505302","0"
"94","drakefrederick@hotmail.com","Daniel","Carter","110 Dylan Wall Anthonyville, ID 80082","pbkdf2:sha256:600000$H8hdCsTCgdFfQk98$77240e11a64e9c9da5d7ed3f91dcf8ba98dffed72e8fb117c47ef6697cc0bb5b","9434043307","0"
"95","mforbes@yahoo.com","Donald","Ponce","59587 Davila Flats Brownhaven, MS 86708","pbkdf2:sha256:600000$tn9Q9GGnTfVk70Ne$3c756ba84543fea2a5a1afaedd32761aef2a150b11688f4f1c33ec623f86e801","7714084322","0"
"96","hillshelley@gmail.com","Dr.","IV","7242 Williams Garden Mathewville, UT 59650","pbkdf2:sha256:600000$CeSdtUmR3IqJVeeI$a2af46256e2432955c7fc4d384db131638439f85ea52fec468d1a09f6633eb98","8870654992","0"
"97","brittanymendoza@gmail.com","Adrienne","Friedman","09420 Ramos Walks Apt. 671 South Emilychester, IN 36624","pbkdf2:sha256:600000$QdztqmLu0TbGGLzG$870e82ff646b5a5565214bceb61e28710c6b87fe6f0daa13f9772ee452073b93","9023151993","0"
"98","taylor42@yahoo.com","Justin","Adams","4173 Wells Garden Apt. 105 Thomaston, CT 13358","pbkdf2:sha256:600000$VRPIXJGWND9BkfIp$62aa1d6fc3674bf41fd9d0d471c3b952a7e481a9e18acebc83a657748187bf84","5062902308","0"
"99","jacksonlori@gmail.com","Michelle","Welch","6308 Carroll Park South Chelsea, NY 67064","pbkdf2:sha256:600000$hzqDZSJkVoQ5vjz9$dc7df381f3c0d7702c46b35866e9683ff4319dfb64a9986309c2e09b03cf9ba7","8024722890","0"
